"DT_GERACAO";"HH_GERACAO";"ANO_ELEICAO";"CD_TIPO_ELEICAO";"NM_TIPO_ELEICAO";"NR_TURNO";"CD_ELEICAO";"DS_ELEICAO";"DT_ELEICAO";"TP_ABRANGENCIA";"SG_UF";"SG_UE";"NM_UE";"CD_MUNICIPIO";"NM_MUNICIPIO";"NR_ZONA";"CD_CARGO";"DS_CARGO";"SQ_CANDIDATO";"NR_CANDIDATO";"NM_CANDIDATO";"NM_URNA_CANDIDATO";"NM_SOCIAL_CANDIDATO";"CD_SITUACAO_CANDIDATURA";"DS_SITUACAO_CANDIDATURA";"CD_DETALHE_SITUACAO_CAND";"DS_DETALHE_SITUACAO_CAND";"CD_SITUACAO_JULGAMENTO";"DS_SITUACAO_JULGAMENTO";"CD_SITUACAO_CASSACAO";"DS_SITUACAO_CASSACAO";"CD_SITUACAO_DCONST_DIPLOMA";"DS_SITUACAO_DCONST_DIPLOMA";"TP_AGREMIACAO";"NR_PARTIDO";"SG_PARTIDO";"NM_PARTIDO";"NR_FEDERACAO";"NM_FEDERACAO";"SG_FEDERACAO";"DS_COMPOSICAO_FEDERACAO";"SQ_COLIGACAO";"NM_COLIGACAO";"DS_COMPOSICAO_COLIGACAO";"ST_VOTO_EM_TRANSITO";"QT_VOTOS_NOMINAIS";"NM_TIPO_DESTINACAO_VOTOS";"QT_VOTOS_NOMINAIS_VALIDOS";"CD_SIT_TOT_TURNO";"DS_SIT_TOT_TURNO"
"07/03/2026";"03:30:52";2022;2;"Eleiçăo Ordinária";1;546;"ELEIÇŐES GERAIS ESTADUAIS 2022";"02/10/2022";"E";"CE";"CE";"CEARÁ";15911;"FORQUILHA";121;7;"Deputado Estadual";60001613538;55555;"GABRIELLA PEQUENO COSTA GOMES DE AGUIAR";"GABRIELLA AGUIAR";"#NULO";12;"APTO";2;"DEFERIDO";-3;"#NE";-3;"#NE";-3;"#NE";"PARTIDO ISOLADO";55;"PSD";"Partido Social Democrático";-1;"#NULO#";"#NULO#";"#NULO#";60001681675;"PARTIDO ISOLADO";"PSD";"N";12;"Válido";12;2;"ELEITO POR QP"
"07/03/2026";"03:30:52";2022;2;"Eleiçăo Ordinária";1;546;"ELEIÇŐES GERAIS ESTADUAIS 2022";"02/10/2022";"E";"CE";"CE";"CEARÁ";15237;"PORTEIRAS";70;7;"Deputado Estadual";60001613538;55555;"GABRIELLA PEQUENO COSTA GOMES DE AGUIAR";"GABRIELLA AGUIAR";"#NULO";12;"APTO";2;"DEFERIDO";-3;"#NE";-3;"#NE";-3;"#NE";"PARTIDO ISOLADO";55;"PSD";"Partido Social Democrático";-1;"#NULO#";"#NULO#";"#NULO#";60001681675;"PARTIDO ISOLADO";"PSD";"N";5;"Válido";5;2;"ELEITO POR QP"
"07/03/2026";"03:30:52";2022;2;"Eleiçăo Ordinária";1;546;"ELEIÇŐES GERAIS ESTADUAIS 2022";"02/10/2022";"E";"SP";"SP";"SĂO PAULO";61220;"ALUMÍNIO";131;7;"Deputado Estadual";250001602162;44044;"SOLANGE CRISTINA DE FREITAS";"SOLANGE FREITAS";"#NULO";12;"APTO";2;"DEFERIDO";-3;"#NE";-3;"#NE";-3;"#NE";"PARTIDO ISOLADO";44;"UNIĂO";"UNIĂO BRASIL";-1;"#NULO#";"#NULO#";"#NULO#";250001681143;"PARTIDO ISOLADO";"UNIĂO";"N";4;"Válido";4;2;"ELEITO POR QP"
"07/03/2026";"03:30:52";2022;2;"Eleiçăo Ordinária";1;546;"ELEIÇŐES GERAIS ESTADUAIS 2022";"02/10/2022";"E";"SP";"SP";"SĂO PAULO";62910;"CAMPINAS";423;7;"Deputado Estadual";250001602177;44777;"AUGUSTO ZACARIAS CORREA LEITE";"GUTO ZACARIAS";"#NULO";12;"APTO";2;"DEFERIDO";-3;"#NE";-3;"#NE";-3;"#NE";"PARTIDO ISOLADO";44;"UNIĂO";"UNIĂO BRASIL";-1;"#NULO#";"#NULO#";"#NULO#";250001681143;"PARTIDO ISOLADO";"UNIĂO";"N";536;"Válido";536;2;"ELEITO POR QP"
"07/03/2026";"03:30:52";2022;2;"Eleiçăo Ordinária";1;546;"ELEIÇŐES GERAIS ESTADUAIS 2022";"02/10/2022";"E";"CE";"CE";"CEARÁ";15679;"TAUÁ";19;7;"Deputado Estadual";60001613535;55234;"LUCÍLVIO GIRĂO SALES";"DR. LUCÍLVIO GIRĂO";"#NULO";12;"APTO";2;"DEFERIDO";-3;"#NE";-3;"#NE";-3;"#NE";"PARTIDO ISOLADO";55;"PSD";"Partido Social Democrático";-1;"#NULO#";"#NULO#";"#NULO#";60001681675;"PARTIDO ISOLADO";"PSD";"N";9;"Válido";9;2;"ELEITO POR QP"
"07/03/2026";"03:30:52";2022;2;"Eleiçăo Ordinária";1;546;"ELEIÇŐES GERAIS ESTADUAIS 2022";"02/10/2022";"E";"CE";"CE";"CEARÁ";13307;"OCARA";67;7;"Deputado Estadual";60001613535;55234;"LUCÍLVIO GIRĂO SALES";"DR. LUCÍLVIO GIRĂO";"#NULO";12;"APTO";2;"DEFERIDO";-3;"#NE";-3;"#NE";-3;"#NE";"PARTIDO ISOLADO";55;"PSD";"Partido Social Democrático";-1;"#NULO#";"#NULO#";"#NULO#";60001681675;"PARTIDO ISOLADO";"PSD";"N";150;"Válido";150;2;"ELEITO POR QP"
"07/03/2026";"03:30:52";2022;2;"Eleiçăo Ordinária";1;546;"ELEIÇŐES GERAIS ESTADUAIS 2022";"02/10/2022";"E";"SP";"SP";"SĂO PAULO";63290;"CERQUEIRA CÉSAR";205;7;"Deputado Estadual";250001602098;44111;"DANIEL BEZERRA RIBEIRO SOARES";"DANIEL SOARES";"#NULO";12;"APTO";2;"DEFERIDO";-3;"#NE";-3;"#NE";-3;"#NE";"PARTIDO ISOLADO";44;"UNIĂO";"UNIĂO BRASIL";-1;"#NULO#";"#NULO#";"#NULO#";250001681143;"PARTIDO ISOLADO";"UNIĂO";"N";230;"Válido";230;2;"ELEITO POR QP"
"07/03/2026";"03:30:52";2022;2;"Eleiçăo Ordinária";1;546;"ELEIÇŐES GERAIS ESTADUAIS 2022";"02/10/2022";"E";"SP";"SP";"SĂO PAULO";61077;"ÁGUAS DA PRATA";122;7;"Deputado Estadual";250001602151;44118;"EDMIR JOSE ABI CHEDID";"EDMIR CHEDID";"#NULO";12;"APTO";2;"DEFERIDO";-3;"#NE";-3;"#NE";-3;"#NE";"PARTIDO ISOLADO";44;"UNIĂO";"UNIĂO BRASIL";-1;"#NULO#";"#NULO#";"#NULO#";250001681143;"PARTIDO ISOLADO";"UNIĂO";"N";1;"Válido";1;2;"ELEITO POR QP"
"07/03/2026";"03:30:52";2022;2;"Eleiçăo Ordinária";1;546;"ELEIÇŐES GERAIS ESTADUAIS 2022";"02/10/2022";"E";"SP";"SP";"SĂO PAULO";61336;"AMÉRICO BRASILIENSE";239;7;"Deputado Estadual";250001602142;44250;"MILTON LEITE DA SILVA FILHO";"MILTON LEITE FILHO";"#NULO";12;"APTO";2;"DEFERIDO";-3;"#NE";-3;"#NE";-3;"#NE";"PARTIDO ISOLADO";44;"UNIĂO";"UNIĂO BRASIL";-1;"#NULO#";"#NULO#";"#NULO#";250001681143;"PARTIDO ISOLADO";"UNIĂO";"N";0;"Válido";0;2;"ELEITO POR QP"
"07/03/2026";"03:30:52";2022;2;"Eleiçăo Ordinária";1;546;"ELEIÇŐES GERAIS ESTADUAIS 2022";"02/10/2022";"E";"SP";"SP";"SĂO PAULO";62910;"CAMPINAS";275;7;"Deputado Estadual";250001602098;44111;"DANIEL BEZERRA RIBEIRO SOARES";"DANIEL SOARES";"#NULO";12;"APTO";2;"DEFERIDO";-3;"#NE";-3;"#NE";-3;"#NE";"PARTIDO ISOLADO";44;"UNIĂO";"UNIĂO BRASIL";-1;"#NULO#";"#NULO#";"#NULO#";250001681143;"PARTIDO ISOLADO";"UNIĂO";"N";214;"Válido";214;2;"ELEITO POR QP"
"07/03/2026";"03:30:52";2022;2;"Eleiçăo Ordinária";1;546;"ELEIÇŐES GERAIS ESTADUAIS 2022";"02/10/2022";"E";"MG";"MG";"MINAS GERAIS";53414;"SERRO";262;7;"Deputado Estadual";130001603710;70111;"ARLEN DE PAULO SANTIAGO FILHO";"ARLEN SANTIAGO";"#NULO";12;"APTO";2;"DEFERIDO";-3;"#NE";-3;"#NE";-3;"#NE";"PARTIDO ISOLADO";70;"AVANTE";"AVANTE";-1;"#NULO#";"#NULO#";"#NULO#";130001681214;"PARTIDO ISOLADO";"AVANTE";"N";1;"Válido";1;2;"ELEITO POR QP"
"07/03/2026";"03:30:52";2022;2;"Eleiçăo Ordinária";1;546;"ELEIÇŐES GERAIS ESTADUAIS 2022";"02/10/2022";"E";"MG";"MG";"MINAS GERAIS";54038;"UBERLÂNDIA";279;7;"Deputado Estadual";130001603710;70111;"ARLEN DE PAULO SANTIAGO FILHO";"ARLEN SANTIAGO";"#NULO";12;"APTO";2;"DEFERIDO";-3;"#NE";-3;"#NE";-3;"#NE";"PARTIDO ISOLADO";70;"AVANTE";"AVANTE";-1;"#NULO#";"#NULO#";"#NULO#";130001681214;"PARTIDO ISOLADO";"AVANTE";"N";40;"Válido";40;2;"ELEITO POR QP"
"07/03/2026";"03:30:52";2022;2;"Eleiçăo Ordinária";1;546;"ELEIÇŐES GERAIS ESTADUAIS 2022";"02/10/2022";"E";"CE";"CE";"CEARÁ";13170;"APUIARÉS";50;7;"Deputado Estadual";60001613523;55678;"FERNANDO HUGO DA SILVA COLARES";"DEP FERNANDO HUGO - DR HUGO";"#NULO";12;"APTO";2;"DEFERIDO";-3;"#NE";-3;"#NE";-3;"#NE";"PARTIDO ISOLADO";55;"PSD";"Partido Social Democrático";-1;"#NULO#";"#NULO#";"#NULO#";60001681675;"PARTIDO ISOLADO";"PSD";"N";11;"Válido";11;2;"ELEITO POR QP"
"07/03/2026";"03:30:52";2022;2;"Eleiçăo Ordinária";1;546;"ELEIÇŐES GERAIS ESTADUAIS 2022";"02/10/2022";"E";"CE";"CE";"CEARÁ";14656;"MERUOCA";24;7;"Deputado Estadual";60001613538;55555;"GABRIELLA PEQUENO COSTA GOMES DE AGUIAR";"GABRIELLA AGUIAR";"#NULO";12;"APTO";2;"DEFERIDO";-3;"#NE";-3;"#NE";-3;"#NE";"PARTIDO ISOLADO";55;"PSD";"Partido Social Democrático";-1;"#NULO#";"#NULO#";"#NULO#";60001681675;"PARTIDO ISOLADO";"PSD";"N";13;"Válido";13;2;"ELEITO POR QP"
"07/03/2026";"03:30:52";2022;2;"Eleiçăo Ordinária";1;546;"ELEIÇŐES GERAIS ESTADUAIS 2022";"02/10/2022";"E";"CE";"CE";"CEARÁ";13480;"ITAITINGA";78;7;"Deputado Estadual";60001613523;55678;"FERNANDO HUGO DA SILVA COLARES";"DEP FERNANDO HUGO - DR HUGO";"#NULO";12;"APTO";2;"DEFERIDO";-3;"#NE";-3;"#NE";-3;"#NE";"PARTIDO ISOLADO";55;"PSD";"Partido Social Democrático";-1;"#NULO#";"#NULO#";"#NULO#";60001681675;"PARTIDO ISOLADO";"PSD";"N";478;"Válido";478;2;"ELEITO POR QP"
"07/03/2026";"03:30:52";2022;2;"Eleiçăo Ordinária";1;546;"ELEIÇŐES GERAIS ESTADUAIS 2022";"02/10/2022";"E";"CE";"CE";"CEARÁ";15490;"SĂO GONÇALO DO AMARANTE";36;7;"Deputado Estadual";60001613535;55234;"LUCÍLVIO GIRĂO SALES";"DR. LUCÍLVIO GIRĂO";"#NULO";12;"APTO";2;"DEFERIDO";-3;"#NE";-3;"#NE";-3;"#NE";"PARTIDO ISOLADO";55;"PSD";"Partido Social Democrático";-1;"#NULO#";"#NULO#";"#NULO#";60001681675;"PARTIDO ISOLADO";"PSD";"N";242;"Válido";242;2;"ELEITO POR QP"
"07/03/2026";"03:30:52";2022;2;"Eleiçăo Ordinária";1;546;"ELEIÇŐES GERAIS ESTADUAIS 2022";"02/10/2022";"E";"CE";"CE";"CEARÁ";13285;"PINDORETAMA";7;7;"Deputado Estadual";60001613523;55678;"FERNANDO HUGO DA SILVA COLARES";"DEP FERNANDO HUGO - DR HUGO";"#NULO";12;"APTO";2;"DEFERIDO";-3;"#NE";-3;"#NE";-3;"#NE";"PARTIDO ISOLADO";55;"PSD";"Partido Social Democrático";-1;"#NULO#";"#NULO#";"#NULO#";60001681675;"PARTIDO ISOLADO";"PSD";"N";40;"Válido";40;2;"ELEITO POR QP"
"07/03/2026";"03:30:52";2022;2;"Eleiçăo Ordinária";1;546;"ELEIÇŐES GERAIS ESTADUAIS 2022";"02/10/2022";"E";"CE";"CE";"CEARÁ";14710;"MOMBAÇA";46;7;"Deputado Estadual";60001613523;55678;"FERNANDO HUGO DA SILVA COLARES";"DEP FERNANDO HUGO - DR HUGO";"#NULO";12;"APTO";2;"DEFERIDO";-3;"#NE";-3;"#NE";-3;"#NE";"PARTIDO ISOLADO";55;"PSD";"Partido Social Democrático";-1;"#NULO#";"#NULO#";"#NULO#";60001681675;"PARTIDO ISOLADO";"PSD";"N";15;"Válido";15;2;"ELEITO POR QP"
"07/03/2026";"03:30:52";2022;2;"Eleiçăo Ordinária";1;546;"ELEIÇŐES GERAIS ESTADUAIS 2022";"02/10/2022";"E";"SP";"SP";"SĂO PAULO";62510;"BRAGANÇA PAULISTA";298;7;"Deputado Estadual";250001602160;44007;"FELIPE SOUZA MURAKAMI DE FRANCO";"FELIPE FRANCO";"#NULO";12;"APTO";2;"DEFERIDO";-3;"#NE";-3;"#NE";-3;"#NE";"PARTIDO ISOLADO";44;"UNIĂO";"UNIĂO BRASIL";-1;"#NULO#";"#NULO#";"#NULO#";250001681143;"PARTIDO ISOLADO";"UNIĂO";"N";35;"Válido";35;2;"ELEITO POR QP"
"07/03/2026";"03:30:52";2022;2;"Eleiçăo Ordinária";1;546;"ELEIÇŐES GERAIS ESTADUAIS 2022";"02/10/2022";"E";"MG";"MG";"MINAS GERAIS";50830;"RESENDE COSTA";232;7;"Deputado Estadual";130001603664;70123;"FABIO JOSE DE OLIVEIRA";"FÁBIO AVELAR";"#NULO";12;"APTO";2;"DEFERIDO";-3;"#NE";-3;"#NE";-3;"#NE";"PARTIDO ISOLADO";70;"AVANTE";"AVANTE";-1;"#NULO#";"#NULO#";"#NULO#";130001681214;"PARTIDO ISOLADO";"AVANTE";"N";19;"Válido";19;2;"ELEITO POR QP"
"07/03/2026";"03:30:52";2022;2;"Eleiçăo Ordinária";1;546;"ELEIÇŐES GERAIS ESTADUAIS 2022";"02/10/2022";"E";"MG";"MG";"MINAS GERAIS";54038;"UBERLÂNDIA";278;7;"Deputado Estadual";130001603664;70123;"FABIO JOSE DE OLIVEIRA";"FÁBIO AVELAR";"#NULO";12;"APTO";2;"DEFERIDO";-3;"#NE";-3;"#NE";-3;"#NE";"PARTIDO ISOLADO";70;"AVANTE";"AVANTE";-1;"#NULO#";"#NULO#";"#NULO#";130001681214;"PARTIDO ISOLADO";"AVANTE";"N";16;"Válido";16;2;"ELEITO POR QP"
"07/03/2026";"03:30:52";2022;2;"Eleiçăo Ordinária";1;546;"ELEIÇŐES GERAIS ESTADUAIS 2022";"02/10/2022";"E";"MG";"MG";"MINAS GERAIS";51756;"SANTANA DO JACARÉ";296;7;"Deputado Estadual";130001603710;70111;"ARLEN DE PAULO SANTIAGO FILHO";"ARLEN SANTIAGO";"#NULO";12;"APTO";2;"DEFERIDO";-3;"#NE";-3;"#NE";-3;"#NE";"PARTIDO ISOLADO";70;"AVANTE";"AVANTE";-1;"#NULO#";"#NULO#";"#NULO#";130001681214;"PARTIDO ISOLADO";"AVANTE";"N";0;"Válido";0;2;"ELEITO POR QP"
"07/03/2026";"03:30:52";2022;2;"Eleiçăo Ordinária";1;546;"ELEIÇŐES GERAIS ESTADUAIS 2022";"02/10/2022";"E";"CE";"CE";"CEARÁ";13307;"OCARA";67;7;"Deputado Estadual";60001613523;55678;"FERNANDO HUGO DA SILVA COLARES";"DEP FERNANDO HUGO - DR HUGO";"#NULO";12;"APTO";2;"DEFERIDO";-3;"#NE";-3;"#NE";-3;"#NE";"PARTIDO ISOLADO";55;"PSD";"Partido Social Democrático";-1;"#NULO#";"#NULO#";"#NULO#";60001681675;"PARTIDO ISOLADO";"PSD";"N";146;"Válido";146;2;"ELEITO POR QP"
"07/03/2026";"03:30:52";2022;2;"Eleiçăo Ordinária";1;546;"ELEIÇŐES GERAIS ESTADUAIS 2022";"02/10/2022";"E";"SP";"SP";"SĂO PAULO";62910;"CAMPINAS";379;7;"Deputado Estadual";250001602177;44777;"AUGUSTO ZACARIAS CORREA LEITE";"GUTO ZACARIAS";"#NULO";12;"APTO";2;"DEFERIDO";-3;"#NE";-3;"#NE";-3;"#NE";"PARTIDO ISOLADO";44;"UNIĂO";"UNIĂO BRASIL";-1;"#NULO#";"#NULO#";"#NULO#";250001681143;"PARTIDO ISOLADO";"UNIĂO";"N";650;"Válido";650;2;"ELEITO POR QP"
"07/03/2026";"03:30:52";2022;2;"Eleiçăo Ordinária";1;546;"ELEIÇŐES GERAIS ESTADUAIS 2022";"02/10/2022";"E";"SP";"SP";"SĂO PAULO";62618;"BURI";53;7;"Deputado Estadual";250001602098;44111;"DANIEL BEZERRA RIBEIRO SOARES";"DANIEL SOARES";"#NULO";12;"APTO";2;"DEFERIDO";-3;"#NE";-3;"#NE";-3;"#NE";"PARTIDO ISOLADO";44;"UNIĂO";"UNIĂO BRASIL";-1;"#NULO#";"#NULO#";"#NULO#";250001681143;"PARTIDO ISOLADO";"UNIĂO";"N";14;"Válido";14;2;"ELEITO POR QP"
"07/03/2026";"03:30:52";2022;2;"Eleiçăo Ordinária";1;546;"ELEIÇŐES GERAIS ESTADUAIS 2022";"02/10/2022";"E";"SP";"SP";"SĂO PAULO";61336;"AMÉRICO BRASILIENSE";239;7;"Deputado Estadual";250001602162;44044;"SOLANGE CRISTINA DE FREITAS";"SOLANGE FREITAS";"#NULO";12;"APTO";2;"DEFERIDO";-3;"#NE";-3;"#NE";-3;"#NE";"PARTIDO ISOLADO";44;"UNIĂO";"UNIĂO BRASIL";-1;"#NULO#";"#NULO#";"#NULO#";250001681143;"PARTIDO ISOLADO";"UNIĂO";"N";5;"Válido";5;2;"ELEITO POR QP"
"07/03/2026";"03:30:52";2022;2;"Eleiçăo Ordinária";1;546;"ELEIÇŐES GERAIS ESTADUAIS 2022";"02/10/2022";"E";"SP";"SP";"SĂO PAULO";63371;"CHAVANTES";313;7;"Deputado Estadual";250001602151;44118;"EDMIR JOSE ABI CHEDID";"EDMIR CHEDID";"#NULO";12;"APTO";2;"DEFERIDO";-3;"#NE";-3;"#NE";-3;"#NE";"PARTIDO ISOLADO";44;"UNIĂO";"UNIĂO BRASIL";-1;"#NULO#";"#NULO#";"#NULO#";250001681143;"PARTIDO ISOLADO";"UNIĂO";"N";1;"Válido";1;2;"ELEITO POR QP"
"07/03/2026";"03:30:52";2022;2;"Eleiçăo Ordinária";1;546;"ELEIÇŐES GERAIS ESTADUAIS 2022";"02/10/2022";"E";"SP";"SP";"SĂO PAULO";61360;"BARRA DO CHAPÉU";10;7;"Deputado Estadual";250001602142;44250;"MILTON LEITE DA SILVA FILHO";"MILTON LEITE FILHO";"#NULO";12;"APTO";2;"DEFERIDO";-3;"#NE";-3;"#NE";-3;"#NE";"PARTIDO ISOLADO";44;"UNIĂO";"UNIĂO BRASIL";-1;"#NULO#";"#NULO#";"#NULO#";250001681143;"PARTIDO ISOLADO";"UNIĂO";"N";1670;"Válido";1670;2;"ELEITO POR QP"
"07/03/2026";"03:30:52";2022;2;"Eleiçăo Ordinária";1;546;"ELEIÇŐES GERAIS ESTADUAIS 2022";"02/10/2022";"E";"MG";"MG";"MINAS GERAIS";51535;"SANTA JULIANA";340;7;"Deputado Estadual";130001603688;70193;"RUBENS GONÇALVES DE BRITO";"BIM DA AMBULÂNCIA";"#NULO";12;"APTO";2;"DEFERIDO";-3;"#NE";-3;"#NE";-3;"#NE";"PARTIDO ISOLADO";70;"AVANTE";"AVANTE";-1;"#NULO#";"#NULO#";"#NULO#";130001681214;"PARTIDO ISOLADO";"AVANTE";"N";1;"Válido";1;2;"ELEITO POR QP"
"07/03/2026";"03:30:52";2022;2;"Eleiçăo Ordinária";1;546;"ELEIÇŐES GERAIS ESTADUAIS 2022";"02/10/2022";"E";"CE";"CE";"CEARÁ";13412;"BATURITÉ";5;7;"Deputado Estadual";60001613538;55555;"GABRIELLA PEQUENO COSTA GOMES DE AGUIAR";"GABRIELLA AGUIAR";"#NULO";12;"APTO";2;"DEFERIDO";-3;"#NE";-3;"#NE";-3;"#NE";"PARTIDO ISOLADO";55;"PSD";"Partido Social Democrático";-1;"#NULO#";"#NULO#";"#NULO#";60001681675;"PARTIDO ISOLADO";"PSD";"N";22;"Válido";22;2;"ELEITO POR QP"
"07/03/2026";"03:30:52";2022;2;"Eleiçăo Ordinária";1;546;"ELEIÇŐES GERAIS ESTADUAIS 2022";"02/10/2022";"E";"CE";"CE";"CEARÁ";13285;"PINDORETAMA";7;7;"Deputado Estadual";60001613535;55234;"LUCÍLVIO GIRĂO SALES";"DR. LUCÍLVIO GIRĂO";"#NULO";12;"APTO";2;"DEFERIDO";-3;"#NE";-3;"#NE";-3;"#NE";"PARTIDO ISOLADO";55;"PSD";"Partido Social Democrático";-1;"#NULO#";"#NULO#";"#NULO#";60001681675;"PARTIDO ISOLADO";"PSD";"N";27;"Válido";27;2;"ELEITO POR QP"
"07/03/2026";"03:30:52";2022;2;"Eleiçăo Ordinária";1;546;"ELEIÇŐES GERAIS ESTADUAIS 2022";"02/10/2022";"E";"CE";"CE";"CEARÁ";13455;"BELA CRUZ";96;7;"Deputado Estadual";60001613538;55555;"GABRIELLA PEQUENO COSTA GOMES DE AGUIAR";"GABRIELLA AGUIAR";"#NULO";12;"APTO";2;"DEFERIDO";-3;"#NE";-3;"#NE";-3;"#NE";"PARTIDO ISOLADO";55;"PSD";"Partido Social Democrático";-1;"#NULO#";"#NULO#";"#NULO#";60001681675;"PARTIDO ISOLADO";"PSD";"N";5;"Válido";5;2;"ELEITO POR QP"
"07/03/2026";"03:30:52";2022;2;"Eleiçăo Ordinária";1;546;"ELEIÇŐES GERAIS ESTADUAIS 2022";"02/10/2022";"E";"SP";"SP";"SĂO PAULO";62618;"BURI";53;7;"Deputado Estadual";250001602177;44777;"AUGUSTO ZACARIAS CORREA LEITE";"GUTO ZACARIAS";"#NULO";12;"APTO";2;"DEFERIDO";-3;"#NE";-3;"#NE";-3;"#NE";"PARTIDO ISOLADO";44;"UNIĂO";"UNIĂO BRASIL";-1;"#NULO#";"#NULO#";"#NULO#";250001681143;"PARTIDO ISOLADO";"UNIĂO";"N";18;"Válido";18;2;"ELEITO POR QP"
"07/03/2026";"03:30:52";2022;2;"Eleiçăo Ordinária";1;546;"ELEIÇŐES GERAIS ESTADUAIS 2022";"02/10/2022";"E";"MG";"MG";"MINAS GERAIS";53236;"SENHORA DOS REMÉDIOS";25;7;"Deputado Estadual";130001603710;70111;"ARLEN DE PAULO SANTIAGO FILHO";"ARLEN SANTIAGO";"#NULO";12;"APTO";2;"DEFERIDO";-3;"#NE";-3;"#NE";-3;"#NE";"PARTIDO ISOLADO";70;"AVANTE";"AVANTE";-1;"#NULO#";"#NULO#";"#NULO#";130001681214;"PARTIDO ISOLADO";"AVANTE";"N";1;"Válido";1;2;"ELEITO POR QP"
"07/03/2026";"03:30:52";2022;2;"Eleiçăo Ordinária";1;546;"ELEIÇŐES GERAIS ESTADUAIS 2022";"02/10/2022";"E";"CE";"CE";"CEARÁ";14710;"MOMBAÇA";46;7;"Deputado Estadual";60001613538;55555;"GABRIELLA PEQUENO COSTA GOMES DE AGUIAR";"GABRIELLA AGUIAR";"#NULO";12;"APTO";2;"DEFERIDO";-3;"#NE";-3;"#NE";-3;"#NE";"PARTIDO ISOLADO";55;"PSD";"Partido Social Democrático";-1;"#NULO#";"#NULO#";"#NULO#";60001681675;"PARTIDO ISOLADO";"PSD";"N";2120;"Válido";2120;2;"ELEITO POR QP"
"07/03/2026";"03:30:52";2022;2;"Eleiçăo Ordinária";1;546;"ELEIÇŐES GERAIS ESTADUAIS 2022";"02/10/2022";"E";"CE";"CE";"CEARÁ";13412;"BATURITÉ";5;7;"Deputado Estadual";60001613523;55678;"FERNANDO HUGO DA SILVA COLARES";"DEP FERNANDO HUGO - DR HUGO";"#NULO";12;"APTO";2;"DEFERIDO";-3;"#NE";-3;"#NE";-3;"#NE";"PARTIDO ISOLADO";55;"PSD";"Partido Social Democrático";-1;"#NULO#";"#NULO#";"#NULO#";60001681675;"PARTIDO ISOLADO";"PSD";"N";18;"Válido";18;2;"ELEITO POR QP"
"07/03/2026";"03:30:52";2022;2;"Eleiçăo Ordinária";1;546;"ELEIÇŐES GERAIS ESTADUAIS 2022";"02/10/2022";"E";"CE";"CE";"CEARÁ";15970;"MILHĂ";55;7;"Deputado Estadual";60001613538;55555;"GABRIELLA PEQUENO COSTA GOMES DE AGUIAR";"GABRIELLA AGUIAR";"#NULO";12;"APTO";2;"DEFERIDO";-3;"#NE";-3;"#NE";-3;"#NE";"PARTIDO ISOLADO";55;"PSD";"Partido Social Democrático";-1;"#NULO#";"#NULO#";"#NULO#";60001681675;"PARTIDO ISOLADO";"PSD";"N";78;"Válido";78;2;"ELEITO POR QP"
"07/03/2026";"03:30:52";2022;2;"Eleiçăo Ordinária";1;546;"ELEIÇŐES GERAIS ESTADUAIS 2022";"02/10/2022";"E";"SP";"SP";"SĂO PAULO";71692;"TANABI";138;7;"Deputado Estadual";250001643627;12003;"MARCO ANTONIO ALVES JORGE";"KIM";"#NULO";12;"APTO";2;"DEFERIDO";-3;"#NE";-3;"#NE";-3;"#NE";"PARTIDO ISOLADO";12;"PDT";"Partido Democrático Trabalhista";-1;"#NULO#";"#NULO#";"#NULO#";250001683082;"PARTIDO ISOLADO";"PDT";"N";0;"Válido";0;5;"SUPLENTE"
"07/03/2026";"03:30:52";2022;2;"Eleiçăo Ordinária";1;546;"ELEIÇŐES GERAIS ESTADUAIS 2022";"02/10/2022";"E";"SP";"SP";"SĂO PAULO";67539;"NHANDEARA";162;7;"Deputado Estadual";250001643648;12131;"ARNALDO REISDECOPA NASCIMENTO";"ARNALDO REISDECOPA";"#NULO";12;"APTO";2;"DEFERIDO";-3;"#NE";-3;"#NE";-3;"#NE";"PARTIDO ISOLADO";12;"PDT";"Partido Democrático Trabalhista";-1;"#NULO#";"#NULO#";"#NULO#";250001683082;"PARTIDO ISOLADO";"PDT";"N";0;"Válido";0;5;"SUPLENTE"
"07/03/2026";"03:30:52";2022;2;"Eleiçăo Ordinária";1;546;"ELEIÇŐES GERAIS ESTADUAIS 2022";"02/10/2022";"E";"SP";"SP";"SĂO PAULO";65536;"ITAPIRA";54;7;"Deputado Estadual";250001643645;12200;"WILSON KELLER DE MATOS";"WILSON MATOS";"#NULO";12;"APTO";2;"DEFERIDO";-3;"#NE";-3;"#NE";-3;"#NE";"PARTIDO ISOLADO";12;"PDT";"Partido Democrático Trabalhista";-1;"#NULO#";"#NULO#";"#NULO#";250001683082;"PARTIDO ISOLADO";"PDT";"N";10;"Válido";10;5;"SUPLENTE"
"07/03/2026";"03:30:52";2022;2;"Eleiçăo Ordinária";1;546;"ELEIÇŐES GERAIS ESTADUAIS 2022";"02/10/2022";"E";"SP";"SP";"SĂO PAULO";67539;"NHANDEARA";162;7;"Deputado Estadual";250001643615;12321;"CASEMIRO DOS REIS JÚNIOR";"DR CASEMIRO";"#NULO";12;"APTO";2;"DEFERIDO";-3;"#NE";-3;"#NE";-3;"#NE";"PARTIDO ISOLADO";12;"PDT";"Partido Democrático Trabalhista";-1;"#NULO#";"#NULO#";"#NULO#";250001683082;"PARTIDO ISOLADO";"PDT";"N";0;"Válido";0;5;"SUPLENTE"
"07/03/2026";"03:30:52";2022;2;"Eleiçăo Ordinária";1;546;"ELEIÇŐES GERAIS ESTADUAIS 2022";"02/10/2022";"E";"SP";"SP";"SĂO PAULO";70513;"SANTA RITA DO PASSA QUATRO";116;7;"Deputado Estadual";250001643600;12008;"PATRYCIA FACIOLO DOS SANTOS";"PATRYCIA FACIOLO PROTETORA";"#NULO";12;"APTO";2;"DEFERIDO";-3;"#NE";-3;"#NE";-3;"#NE";"PARTIDO ISOLADO";12;"PDT";"Partido Democrático Trabalhista";-1;"#NULO#";"#NULO#";"#NULO#";250001683082;"PARTIDO ISOLADO";"PDT";"N";0;"Válido";0;5;"SUPLENTE"
"07/03/2026";"03:30:52";2022;2;"Eleiçăo Ordinária";1;546;"ELEIÇŐES GERAIS ESTADUAIS 2022";"02/10/2022";"E";"SP";"SP";"SĂO PAULO";70416;"SANTA MARIA DA SERRA";130;7;"Deputado Estadual";250001643678;12000;"VICTOR HENRIQUE MARQUES";"VICTOR MARQUES MJ OLIMPIO VIVE";"#NULO";12;"APTO";2;"DEFERIDO";-3;"#NE";-3;"#NE";-3;"#NE";"PARTIDO ISOLADO";12;"PDT";"Partido Democrático Trabalhista";-1;"#NULO#";"#NULO#";"#NULO#";250001683082;"PARTIDO ISOLADO";"PDT";"N";1;"Válido";1;5;"SUPLENTE"
"07/03/2026";"03:30:52";2022;2;"Eleiçăo Ordinária";1;546;"ELEIÇŐES GERAIS ESTADUAIS 2022";"02/10/2022";"E";"SP";"SP";"SĂO PAULO";65510;"ITAPEVI";359;7;"Deputado Estadual";250001643671;12366;"MANOEL JOSÉ DA SILVA";"LÉO DAS FLORES";"#NULO";12;"APTO";2;"DEFERIDO";-3;"#NE";-3;"#NE";-3;"#NE";"PARTIDO ISOLADO";12;"PDT";"Partido Democrático Trabalhista";-1;"#NULO#";"#NULO#";"#NULO#";250001683082;"PARTIDO ISOLADO";"PDT";"N";1;"Válido";1;5;"SUPLENTE"
"07/03/2026";"03:30:52";2022;2;"Eleiçăo Ordinária";1;546;"ELEIÇŐES GERAIS ESTADUAIS 2022";"02/10/2022";"E";"SP";"SP";"SĂO PAULO";68950;"PLATINA";83;7;"Deputado Estadual";250001643624;12277;"MARCIO ALEXANDRE BARRETO";"MARCIO BARRETO";"#NULO";12;"APTO";2;"DEFERIDO";-3;"#NE";-3;"#NE";-3;"#NE";"PARTIDO ISOLADO";12;"PDT";"Partido Democrático Trabalhista";-1;"#NULO#";"#NULO#";"#NULO#";250001683082;"PARTIDO ISOLADO";"PDT";"N";0;"Válido";0;5;"SUPLENTE"
"07/03/2026";"03:30:52";2022;2;"Eleiçăo Ordinária";1;546;"ELEIÇŐES GERAIS ESTADUAIS 2022";"02/10/2022";"E";"SP";"SP";"SĂO PAULO";65757;"ITIRAPUĂ";46;7;"Deputado Estadual";250001643650;12190;"MARCELO AFONSO PIMENTA";"MARCELO PIMENTA";"#NULO";12;"APTO";2;"DEFERIDO";-3;"#NE";-3;"#NE";-3;"#NE";"PARTIDO ISOLADO";12;"PDT";"Partido Democrático Trabalhista";-1;"#NULO#";"#NULO#";"#NULO#";250001683082;"PARTIDO ISOLADO";"PDT";"N";0;"Válido";0;5;"SUPLENTE"
"07/03/2026";"03:30:52";2022;2;"Eleiçăo Ordinária";1;546;"ELEIÇŐES GERAIS ESTADUAIS 2022";"02/10/2022";"E";"SP";"SP";"SĂO PAULO";68136;"PARAIBUNA";84;6;"Deputado Federal";250001604976;5558;"IOLANDA GOMES RUAS";"IOLANDA RUAS";"#NULO";12;"APTO";2;"DEFERIDO";-3;"#NE";-3;"#NE";-3;"#NE";"PARTIDO ISOLADO";55;"PSD";"Partido Social Democrático";-1;"#NULO#";"#NULO#";"#NULO#";250001681263;"PARTIDO ISOLADO";"PSD";"N";0;"Válido";0;5;"SUPLENTE"
"07/03/2026";"03:30:52";2022;2;"Eleiçăo Ordinária";1;546;"ELEIÇŐES GERAIS ESTADUAIS 2022";"02/10/2022";"E";"SP";"SP";"SĂO PAULO";64335;"GÁLIA";47;6;"Deputado Federal";250001604946;5505;"EMERSON KAPAZ";"EMERSON KAPAZ";"#NULO";12;"APTO";2;"DEFERIDO";-3;"#NE";-3;"#NE";-3;"#NE";"PARTIDO ISOLADO";55;"PSD";"Partido Social Democrático";-1;"#NULO#";"#NULO#";"#NULO#";250001681263;"PARTIDO ISOLADO";"PSD";"N";0;"Válido";0;5;"SUPLENTE"
"07/03/2026";"03:30:52";2022;2;"Eleiçăo Ordinária";1;546;"ELEIÇŐES GERAIS ESTADUAIS 2022";"02/10/2022";"E";"SP";"SP";"SĂO PAULO";64190;"FLOREAL";162;6;"Deputado Federal";250001604950;5513;"CLEBER JACOB";"CLEBER JACOB";"#NULO";12;"APTO";2;"DEFERIDO";-3;"#NE";-3;"#NE";-3;"#NE";"PARTIDO ISOLADO";55;"PSD";"Partido Social Democrático";-1;"#NULO#";"#NULO#";"#NULO#";250001681263;"PARTIDO ISOLADO";"PSD";"N";0;"Válido";0;5;"SUPLENTE"
"07/03/2026";"03:30:52";2022;2;"Eleiçăo Ordinária";1;546;"ELEIÇŐES GERAIS ESTADUAIS 2022";"02/10/2022";"E";"SP";"SP";"SĂO PAULO";70718;"SANTOS";118;6;"Deputado Federal";250001604961;5530;"FLÁVIO AUGUSTO DA SILVA";"FLAVINHO";"#NULO";12;"APTO";2;"DEFERIDO";-3;"#NE";-3;"#NE";-3;"#NE";"PARTIDO ISOLADO";55;"PSD";"Partido Social Democrático";-1;"#NULO#";"#NULO#";"#NULO#";250001681263;"PARTIDO ISOLADO";"PSD";"N";12;"Válido";12;5;"SUPLENTE"
"07/03/2026";"03:30:52";2022;2;"Eleiçăo Ordinária";1;546;"ELEIÇŐES GERAIS ESTADUAIS 2022";"02/10/2022";"E";"SP";"SP";"SĂO PAULO";67890;"OSASCO";276;6;"Deputado Federal";250001604975;5529;"FERNANDA FERREIRA DE ARAÚJO";"FERNANDA ARAÚJO";"#NULO";12;"APTO";2;"DEFERIDO";-3;"#NE";-3;"#NE";-3;"#NE";"PARTIDO ISOLADO";55;"PSD";"Partido Social Democrático";-1;"#NULO#";"#NULO#";"#NULO#";250001681263;"PARTIDO ISOLADO";"PSD";"N";2;"Válido";2;5;"SUPLENTE"
"07/03/2026";"03:30:52";2022;2;"Eleiçăo Ordinária";1;546;"ELEIÇŐES GERAIS ESTADUAIS 2022";"02/10/2022";"E";"SP";"SP";"SĂO PAULO";67091;"MIRASSOLÂNDIA";72;6;"Deputado Federal";250001604972;5555;"GUILHERME CAMPOS JUNIOR";"GUILHERME CAMPOS";"#NULO";12;"APTO";2;"DEFERIDO";-3;"#NE";-3;"#NE";-3;"#NE";"PARTIDO ISOLADO";55;"PSD";"Partido Social Democrático";-1;"#NULO#";"#NULO#";"#NULO#";250001681263;"PARTIDO ISOLADO";"PSD";"N";9;"Válido";9;5;"SUPLENTE"
"07/03/2026";"03:30:52";2022;2;"Eleiçăo Ordinária";1;546;"ELEIÇŐES GERAIS ESTADUAIS 2022";"02/10/2022";"E";"SP";"SP";"SĂO PAULO";64971;"ICÉM";78;6;"Deputado Federal";250001604986;5581;"MARCELO DA MOTTA BARRICHELLO";"DR MARCELO BARRICHELLO";"#NULO";12;"APTO";2;"DEFERIDO";-3;"#NE";-3;"#NE";-3;"#NE";"PARTIDO ISOLADO";55;"PSD";"Partido Social Democrático";-1;"#NULO#";"#NULO#";"#NULO#";250001681263;"PARTIDO ISOLADO";"PSD";"N";0;"Válido";0;5;"SUPLENTE"
"07/03/2026";"03:30:52";2022;2;"Eleiçăo Ordinária";1;546;"ELEIÇŐES GERAIS ESTADUAIS 2022";"02/10/2022";"E";"SP";"SP";"SĂO PAULO";70718;"SANTOS";273;6;"Deputado Federal";250001604965;5515;"SAULO PEDROSO DE SOUZA";"SAULO PEDROSO";"#NULO";12;"APTO";2;"DEFERIDO";-3;"#NE";-3;"#NE";-3;"#NE";"PARTIDO ISOLADO";55;"PSD";"Partido Social Democrático";-1;"#NULO#";"#NULO#";"#NULO#";250001681263;"PARTIDO ISOLADO";"PSD";"N";58;"Válido";58;5;"SUPLENTE"
"07/03/2026";"03:30:52";2022;2;"Eleiçăo Ordinária";1;546;"ELEIÇŐES GERAIS ESTADUAIS 2022";"02/10/2022";"E";"SP";"SP";"SĂO PAULO";68756;"PIRACICABA";244;6;"Deputado Federal";250001604976;5558;"IOLANDA GOMES RUAS";"IOLANDA RUAS";"#NULO";12;"APTO";2;"DEFERIDO";-3;"#NE";-3;"#NE";-3;"#NE";"PARTIDO ISOLADO";55;"PSD";"Partido Social Democrático";-1;"#NULO#";"#NULO#";"#NULO#";250001681263;"PARTIDO ISOLADO";"PSD";"N";0;"Válido";0;5;"SUPLENTE"
"07/03/2026";"03:30:52";2022;2;"Eleiçăo Ordinária";1;546;"ELEIÇŐES GERAIS ESTADUAIS 2022";"02/10/2022";"E";"SP";"SP";"SĂO PAULO";66753;"MARABÁ PAULISTA";102;6;"Deputado Federal";250001604965;5515;"SAULO PEDROSO DE SOUZA";"SAULO PEDROSO";"#NULO";12;"APTO";2;"DEFERIDO";-3;"#NE";-3;"#NE";-3;"#NE";"PARTIDO ISOLADO";55;"PSD";"Partido Social Democrático";-1;"#NULO#";"#NULO#";"#NULO#";250001681263;"PARTIDO ISOLADO";"PSD";"N";0;"Válido";0;5;"SUPLENTE"
"07/03/2026";"03:30:52";2022;2;"Eleiçăo Ordinária";1;546;"ELEIÇŐES GERAIS ESTADUAIS 2022";"02/10/2022";"E";"SP";"SP";"SĂO PAULO";70718;"SANTOS";118;6;"Deputado Federal";250001604966;5536;"LUÍS EDUARDO ANTUNES VIEIRA";"LUIS VIEIRA";"#NULO";12;"APTO";2;"DEFERIDO";-3;"#NE";-3;"#NE";-3;"#NE";"PARTIDO ISOLADO";55;"PSD";"Partido Social Democrático";-1;"#NULO#";"#NULO#";"#NULO#";250001681263;"PARTIDO ISOLADO";"PSD";"N";0;"Válido";0;5;"SUPLENTE"
"07/03/2026";"03:30:52";2022;2;"Eleiçăo Ordinária";1;546;"ELEIÇŐES GERAIS ESTADUAIS 2022";"02/10/2022";"E";"SP";"SP";"SĂO PAULO";67091;"MIRASSOLÂNDIA";72;6;"Deputado Federal";250001604945;5533;"KARINA CELESTE MOURA";"KARINA SOLTUR";"#NULO";12;"APTO";2;"DEFERIDO";-3;"#NE";-3;"#NE";-3;"#NE";"PARTIDO ISOLADO";55;"PSD";"Partido Social Democrático";-1;"#NULO#";"#NULO#";"#NULO#";250001681263;"PARTIDO ISOLADO";"PSD";"N";0;"Válido";0;5;"SUPLENTE"
"07/03/2026";"03:30:52";2022;2;"Eleiçăo Ordinária";1;546;"ELEIÇŐES GERAIS ESTADUAIS 2022";"02/10/2022";"E";"SP";"SP";"SĂO PAULO";66397;"LIMEIRA";399;6;"Deputado Federal";250001604944;5517;"AGNALDO CRUZ DE OLIVEIRA";"AGNALDO OLIVEIRA";"#NULO";12;"APTO";2;"DEFERIDO";-3;"#NE";-3;"#NE";-3;"#NE";"PARTIDO ISOLADO";55;"PSD";"Partido Social Democrático";-1;"#NULO#";"#NULO#";"#NULO#";250001681263;"PARTIDO ISOLADO";"PSD";"N";3;"Válido";3;5;"SUPLENTE"
"07/03/2026";"03:30:52";2022;2;"Eleiçăo Ordinária";1;546;"ELEIÇŐES GERAIS ESTADUAIS 2022";"02/10/2022";"E";"SP";"SP";"SĂO PAULO";66818;"MARÍLIA";400;6;"Deputado Federal";250001604942;5520;"CÉLIA RAMOS DE JESUS FEITOSA";"CÉLIA RAMOS";"#NULO";12;"APTO";2;"DEFERIDO";-3;"#NE";-3;"#NE";-3;"#NE";"PARTIDO ISOLADO";55;"PSD";"Partido Social Democrático";-1;"#NULO#";"#NULO#";"#NULO#";250001681263;"PARTIDO ISOLADO";"PSD";"N";0;"Válido";0;5;"SUPLENTE"
"07/03/2026";"03:30:52";2022;2;"Eleiçăo Ordinária";1;546;"ELEIÇŐES GERAIS ESTADUAIS 2022";"02/10/2022";"E";"SP";"SP";"SĂO PAULO";67890;"OSASCO";213;6;"Deputado Federal";250001604945;5533;"KARINA CELESTE MOURA";"KARINA SOLTUR";"#NULO";12;"APTO";2;"DEFERIDO";-3;"#NE";-3;"#NE";-3;"#NE";"PARTIDO ISOLADO";55;"PSD";"Partido Social Democrático";-1;"#NULO#";"#NULO#";"#NULO#";250001681263;"PARTIDO ISOLADO";"PSD";"N";1;"Válido";1;5;"SUPLENTE"
"07/03/2026";"03:30:52";2022;2;"Eleiçăo Ordinária";1;546;"ELEIÇŐES GERAIS ESTADUAIS 2022";"02/10/2022";"E";"SP";"SP";"SĂO PAULO";64718;"GUAREÍ";140;6;"Deputado Federal";250001604976;5558;"IOLANDA GOMES RUAS";"IOLANDA RUAS";"#NULO";12;"APTO";2;"DEFERIDO";-3;"#NE";-3;"#NE";-3;"#NE";"PARTIDO ISOLADO";55;"PSD";"Partido Social Democrático";-1;"#NULO#";"#NULO#";"#NULO#";250001681263;"PARTIDO ISOLADO";"PSD";"N";1;"Válido";1;5;"SUPLENTE"
"07/03/2026";"03:30:52";2022;2;"Eleiçăo Ordinária";1;546;"ELEIÇŐES GERAIS ESTADUAIS 2022";"02/10/2022";"E";"SP";"SP";"SĂO PAULO";70718;"SANTOS";272;6;"Deputado Federal";250001604982;5519;"RIBAMAR ANTONIO DA SILVA";"RIBAMAR SILVA";"#NULO";12;"APTO";2;"DEFERIDO";-3;"#NE";-3;"#NE";-3;"#NE";"PARTIDO ISOLADO";55;"PSD";"Partido Social Democrático";-1;"#NULO#";"#NULO#";"#NULO#";250001681263;"PARTIDO ISOLADO";"PSD";"N";2;"Válido";2;5;"SUPLENTE"
"07/03/2026";"03:30:52";2022;2;"Eleiçăo Ordinária";1;546;"ELEIÇŐES GERAIS ESTADUAIS 2022";"02/10/2022";"E";"SP";"SP";"SĂO PAULO";70157;"SANTA ALBERTINA";427;6;"Deputado Federal";250001604958;5511;"ANDRÉ MAXIMILIANO MORON MACHADO";"DELEGADO ANDRÉ MORON";"#NULO";12;"APTO";2;"DEFERIDO";-3;"#NE";-3;"#NE";-3;"#NE";"PARTIDO ISOLADO";55;"PSD";"Partido Social Democrático";-1;"#NULO#";"#NULO#";"#NULO#";250001681263;"PARTIDO ISOLADO";"PSD";"N";1;"Válido";1;5;"SUPLENTE"
"07/03/2026";"03:30:52";2022;2;"Eleiçăo Ordinária";1;546;"ELEIÇŐES GERAIS ESTADUAIS 2022";"02/10/2022";"E";"SP";"SP";"SĂO PAULO";61204;"ILHA SOLTEIRA";368;6;"Deputado Federal";250001604965;5515;"SAULO PEDROSO DE SOUZA";"SAULO PEDROSO";"#NULO";12;"APTO";2;"DEFERIDO";-3;"#NE";-3;"#NE";-3;"#NE";"PARTIDO ISOLADO";55;"PSD";"Partido Social Democrático";-1;"#NULO#";"#NULO#";"#NULO#";250001681263;"PARTIDO ISOLADO";"PSD";"N";0;"Válido";0;5;"SUPLENTE"
"07/03/2026";"03:30:52";2022;2;"Eleiçăo Ordinária";1;546;"ELEIÇŐES GERAIS ESTADUAIS 2022";"02/10/2022";"E";"SP";"SP";"SĂO PAULO";68152;"PARAÍSO";171;6;"Deputado Federal";250001604980;5543;"PEDRO TADEU BATISTA";"PEDRO VADER";"#NULO";12;"APTO";2;"DEFERIDO";-3;"#NE";-3;"#NE";-3;"#NE";"PARTIDO ISOLADO";55;"PSD";"Partido Social Democrático";-1;"#NULO#";"#NULO#";"#NULO#";250001681263;"PARTIDO ISOLADO";"PSD";"N";0;"Válido";0;5;"SUPLENTE"
"07/03/2026";"03:30:52";2022;2;"Eleiçăo Ordinária";1;546;"ELEIÇŐES GERAIS ESTADUAIS 2022";"02/10/2022";"E";"MT";"MT";"MATO GROSSO";90786;"FELIZ NATAL";36;7;"Deputado Estadual";110001655606;45007;"FÁBIO PIOVEZAN TEIXEIRA";"FÁBIO PIOVEZZAN";"#NULO";12;"APTO";2;"DEFERIDO";-3;"#NE";-3;"#NE";-3;"#NE";"FEDERAÇĂO";45;"PSDB";"Partido da Social Democracia Brasileira";1;"Federaçăo PSDB Cidadania";"PSDB/CIDADANIA";"CIDADANIA / PSDB";110001683505;"FEDERAÇĂO";"Federaçăo PSDB Cidadania(PSDB/CIDADANIA)";"N";0;"Válido";0;5;"SUPLENTE"
"07/03/2026";"03:30:52";2022;2;"Eleiçăo Ordinária";1;546;"ELEIÇŐES GERAIS ESTADUAIS 2022";"02/10/2022";"E";"MT";"MT";"MATO GROSSO";89893;"ARAPUTANGA";41;7;"Deputado Estadual";110001655616;45111;"ELINEI CANDIDA MACIEL";"ELINEI MACIEL";"#NULO";12;"APTO";2;"DEFERIDO";-3;"#NE";-3;"#NE";-3;"#NE";"FEDERAÇĂO";45;"PSDB";"Partido da Social Democracia Brasileira";1;"Federaçăo PSDB Cidadania";"PSDB/CIDADANIA";"CIDADANIA / PSDB";110001683505;"FEDERAÇĂO";"Federaçăo PSDB Cidadania(PSDB/CIDADANIA)";"N";0;"Válido";0;5;"SUPLENTE"
"07/03/2026";"03:30:52";2022;2;"Eleiçăo Ordinária";1;546;"ELEIÇŐES GERAIS ESTADUAIS 2022";"02/10/2022";"E";"MT";"MT";"MATO GROSSO";91910;"ÁGUA BOA";30;7;"Deputado Estadual";110001655620;45876;"ADEIR RUFINO ROSA";"ADEIR RUFINO";"#NULO";12;"APTO";2;"DEFERIDO";-3;"#NE";-3;"#NE";-3;"#NE";"FEDERAÇĂO";45;"PSDB";"Partido da Social Democracia Brasileira";1;"Federaçăo PSDB Cidadania";"PSDB/CIDADANIA";"CIDADANIA / PSDB";110001683505;"FEDERAÇĂO";"Federaçăo PSDB Cidadania(PSDB/CIDADANIA)";"N";1;"Válido";1;5;"SUPLENTE"
"07/03/2026";"03:30:52";2022;2;"Eleiçăo Ordinária";1;546;"ELEIÇŐES GERAIS ESTADUAIS 2022";"02/10/2022";"E";"MT";"MT";"MATO GROSSO";89893;"ARAPUTANGA";41;7;"Deputado Estadual";110001655609;45045;"ADENILSON APARECIDO FIRMINO DA ROCHA";"ADENILSON ROCHA";"#NULO";12;"APTO";2;"DEFERIDO";-3;"#NE";-3;"#NE";-3;"#NE";"FEDERAÇĂO";45;"PSDB";"Partido da Social Democracia Brasileira";1;"Federaçăo PSDB Cidadania";"PSDB/CIDADANIA";"CIDADANIA / PSDB";110001683505;"FEDERAÇĂO";"Federaçăo PSDB Cidadania(PSDB/CIDADANIA)";"N";0;"Válido";0;5;"SUPLENTE"
"07/03/2026";"03:30:52";2022;2;"Eleiçăo Ordinária";1;546;"ELEIÇŐES GERAIS ESTADUAIS 2022";"02/10/2022";"E";"MT";"MT";"MATO GROSSO";91910;"ÁGUA BOA";30;7;"Deputado Estadual";110001655603;45000;"SHEILA KLENER JORGE DE SOUSA";"SHEILA KLENER";"#NULO";12;"APTO";2;"DEFERIDO";-3;"#NE";-3;"#NE";-3;"#NE";"FEDERAÇĂO";45;"PSDB";"Partido da Social Democracia Brasileira";1;"Federaçăo PSDB Cidadania";"PSDB/CIDADANIA";"CIDADANIA / PSDB";110001683505;"FEDERAÇĂO";"Federaçăo PSDB Cidadania(PSDB/CIDADANIA)";"N";3;"Válido";3;5;"SUPLENTE"
"07/03/2026";"03:30:52";2022;2;"Eleiçăo Ordinária";1;546;"ELEIÇŐES GERAIS ESTADUAIS 2022";"02/10/2022";"E";"MT";"MT";"MATO GROSSO";91910;"ÁGUA BOA";30;7;"Deputado Estadual";110001655615;45123;"LEANDRO CARLOS DAMIANI";"DAMIANI DA TV";"#NULO";12;"APTO";2;"DEFERIDO";-3;"#NE";-3;"#NE";-3;"#NE";"FEDERAÇĂO";45;"PSDB";"Partido da Social Democracia Brasileira";1;"Federaçăo PSDB Cidadania";"PSDB/CIDADANIA";"CIDADANIA / PSDB";110001683505;"FEDERAÇĂO";"Federaçăo PSDB Cidadania(PSDB/CIDADANIA)";"N";6;"Válido";6;5;"SUPLENTE"
"07/03/2026";"03:30:52";2022;2;"Eleiçăo Ordinária";1;546;"ELEIÇŐES GERAIS ESTADUAIS 2022";"02/10/2022";"E";"MT";"MT";"MATO GROSSO";90670;"CUIABÁ";1;7;"Deputado Estadual";110001655623;45222;"FRANCIS MARIS CRUZ";"FRANCIS MARIS DA COMETA";"#NULO";12;"APTO";2;"DEFERIDO";-3;"#NE";-3;"#NE";-3;"#NE";"FEDERAÇĂO";45;"PSDB";"Partido da Social Democracia Brasileira";1;"Federaçăo PSDB Cidadania";"PSDB/CIDADANIA";"CIDADANIA / PSDB";110001683505;"FEDERAÇĂO";"Federaçăo PSDB Cidadania(PSDB/CIDADANIA)";"N";259;"Válido";259;5;"SUPLENTE"
"07/03/2026";"03:30:52";2022;2;"Eleiçăo Ordinária";1;546;"ELEIÇŐES GERAIS ESTADUAIS 2022";"02/10/2022";"E";"MT";"MT";"MATO GROSSO";90670;"CUIABÁ";39;7;"Deputado Estadual";110001655620;45876;"ADEIR RUFINO ROSA";"ADEIR RUFINO";"#NULO";12;"APTO";2;"DEFERIDO";-3;"#NE";-3;"#NE";-3;"#NE";"FEDERAÇĂO";45;"PSDB";"Partido da Social Democracia Brasileira";1;"Federaçăo PSDB Cidadania";"PSDB/CIDADANIA";"CIDADANIA / PSDB";110001683505;"FEDERAÇĂO";"Federaçăo PSDB Cidadania(PSDB/CIDADANIA)";"N";8;"Válido";8;5;"SUPLENTE"
"07/03/2026";"03:30:52";2022;2;"Eleiçăo Ordinária";1;546;"ELEIÇŐES GERAIS ESTADUAIS 2022";"02/10/2022";"E";"MG";"MG";"MINAS GERAIS";40347;"LAGOA GRANDE";230;7;"Deputado Estadual";130001671863;20190;"GILSON DUQUE DA SILVA";"GILSON DA PADARIA";"#NULO";12;"APTO";2;"DEFERIDO";-3;"#NE";-3;"#NE";-3;"#NE";"PARTIDO ISOLADO";20;"PSC";"Partido Social Cristăo";-1;"#NULO#";"#NULO#";"#NULO#";130001683888;"PARTIDO ISOLADO";"PSC";"N";0;"Válido";0;5;"SUPLENTE"
"07/03/2026";"03:30:52";2022;2;"Eleiçăo Ordinária";1;546;"ELEIÇŐES GERAIS ESTADUAIS 2022";"02/10/2022";"E";"MG";"MG";"MINAS GERAIS";49336;"PALMA";201;7;"Deputado Estadual";130001671871;20377;"JAKSON MARÇAL SILVA";"JAKSON CONTADOR";"#NULO";12;"APTO";2;"DEFERIDO";-3;"#NE";-3;"#NE";-3;"#NE";"PARTIDO ISOLADO";20;"PSC";"Partido Social Cristăo";-1;"#NULO#";"#NULO#";"#NULO#";130001683888;"PARTIDO ISOLADO";"PSC";"N";0;"Válido";0;5;"SUPLENTE"
"07/03/2026";"03:30:52";2022;2;"Eleiçăo Ordinária";1;546;"ELEIÇŐES GERAIS ESTADUAIS 2022";"02/10/2022";"E";"MG";"MG";"MINAS GERAIS";46310;"IRAÍ DE MINAS";110;7;"Deputado Estadual";130001671891;20545;"CARLA REGINA MENDES REIS";"CARLA REGINA";"#NULO";12;"APTO";2;"DEFERIDO";-3;"#NE";-3;"#NE";-3;"#NE";"PARTIDO ISOLADO";20;"PSC";"Partido Social Cristăo";-1;"#NULO#";"#NULO#";"#NULO#";130001683888;"PARTIDO ISOLADO";"PSC";"N";0;"Válido";0;5;"SUPLENTE"
"07/03/2026";"03:30:52";2022;2;"Eleiçăo Ordinária";1;546;"ELEIÇŐES GERAIS ESTADUAIS 2022";"02/10/2022";"E";"MG";"MG";"MINAS GERAIS";49433;"PARAGUAÇU";8;7;"Deputado Estadual";130001671861;20118;"ERIVON DIAS DE SOUZA";"ERICK SOUZA";"#NULO";12;"APTO";2;"DEFERIDO";-3;"#NE";-3;"#NE";-3;"#NE";"PARTIDO ISOLADO";20;"PSC";"Partido Social Cristăo";-1;"#NULO#";"#NULO#";"#NULO#";130001683888;"PARTIDO ISOLADO";"PSC";"N";0;"Válido";0;5;"SUPLENTE"
"07/03/2026";"03:30:52";2022;2;"Eleiçăo Ordinária";1;546;"ELEIÇŐES GERAIS ESTADUAIS 2022";"02/10/2022";"E";"MG";"MG";"MINAS GERAIS";49239;"OURO VERDE DE MINAS";270;7;"Deputado Estadual";130001671863;20190;"GILSON DUQUE DA SILVA";"GILSON DA PADARIA";"#NULO";12;"APTO";2;"DEFERIDO";-3;"#NE";-3;"#NE";-3;"#NE";"PARTIDO ISOLADO";20;"PSC";"Partido Social Cristăo";-1;"#NULO#";"#NULO#";"#NULO#";130001683888;"PARTIDO ISOLADO";"PSC";"N";2;"Válido";2;5;"SUPLENTE"
"07/03/2026";"03:30:52";2022;2;"Eleiçăo Ordinária";1;546;"ELEIÇŐES GERAIS ESTADUAIS 2022";"02/10/2022";"E";"MG";"MG";"MINAS GERAIS";50334;"POÇO FUNDO";164;7;"Deputado Estadual";130001671884;20888;"JOSÉ ROBERTO DE PAIVA";"BETO PAIVA";"#NULO";12;"APTO";2;"DEFERIDO";-3;"#NE";-3;"#NE";-3;"#NE";"PARTIDO ISOLADO";20;"PSC";"Partido Social Cristăo";-1;"#NULO#";"#NULO#";"#NULO#";130001683888;"PARTIDO ISOLADO";"PSC";"N";7;"Válido";7;5;"SUPLENTE"
"07/03/2026";"03:30:52";2022;2;"Eleiçăo Ordinária";1;546;"ELEIÇŐES GERAIS ESTADUAIS 2022";"02/10/2022";"E";"MG";"MG";"MINAS GERAIS";50334;"POÇO FUNDO";164;7;"Deputado Estadual";130001671848;20000;"CÉLIO DA ASSUNÇĂO FROIS";"DR. CÉLIO FROIS";"#NULO";12;"APTO";2;"DEFERIDO";-3;"#NE";-3;"#NE";-3;"#NE";"PARTIDO ISOLADO";20;"PSC";"Partido Social Cristăo";-1;"#NULO#";"#NULO#";"#NULO#";130001683888;"PARTIDO ISOLADO";"PSC";"N";5;"Válido";5;5;"SUPLENTE"
"07/03/2026";"03:30:52";2022;2;"Eleiçăo Ordinária";1;546;"ELEIÇŐES GERAIS ESTADUAIS 2022";"02/10/2022";"E";"MG";"MG";"MINAS GERAIS";50172;"PIRANGUÇU";51;7;"Deputado Estadual";130001671895;20705;"DANILIS MACHADO GABRIEL";"DANILIS MACHADO";"#NULO";12;"APTO";2;"DEFERIDO";-3;"#NE";-3;"#NE";-3;"#NE";"PARTIDO ISOLADO";20;"PSC";"Partido Social Cristăo";-1;"#NULO#";"#NULO#";"#NULO#";130001683888;"PARTIDO ISOLADO";"PSC";"N";0;"Válido";0;5;"SUPLENTE"
"07/03/2026";"03:30:52";2022;2;"Eleiçăo Ordinária";1;546;"ELEIÇŐES GERAIS ESTADUAIS 2022";"02/10/2022";"E";"MG";"MG";"MINAS GERAIS";49433;"PARAGUAÇU";8;7;"Deputado Estadual";130001671869;20170;"SPITZBERG GUIMARAES DE CARVALHO";"SPITZ BOLSONARO";"#NULO";12;"APTO";2;"DEFERIDO";-3;"#NE";-3;"#NE";-3;"#NE";"PARTIDO ISOLADO";20;"PSC";"Partido Social Cristăo";-1;"#NULO#";"#NULO#";"#NULO#";130001683888;"PARTIDO ISOLADO";"PSC";"N";0;"Válido";0;5;"SUPLENTE"
"07/03/2026";"03:30:52";2022;2;"Eleiçăo Ordinária";1;546;"ELEIÇŐES GERAIS ESTADUAIS 2022";"02/10/2022";"E";"MG";"MG";"MINAS GERAIS";40347;"LAGOA GRANDE";230;7;"Deputado Estadual";130001671862;20601;"GERALDO MAGELA GUALBERTO";"GUALBERTO";"#NULO";12;"APTO";2;"DEFERIDO";-3;"#NE";-3;"#NE";-3;"#NE";"PARTIDO ISOLADO";20;"PSC";"Partido Social Cristăo";-1;"#NULO#";"#NULO#";"#NULO#";130001683888;"PARTIDO ISOLADO";"PSC";"N";0;"Válido";0;5;"SUPLENTE"
"07/03/2026";"03:30:52";2022;2;"Eleiçăo Ordinária";1;546;"ELEIÇŐES GERAIS ESTADUAIS 2022";"02/10/2022";"E";"MG";"MG";"MINAS GERAIS";47953;"MAR DE ESPANHA";170;7;"Deputado Estadual";130001671897;20105;"LUCIANA SILVEIRA FREITAS";"LUCIANA LANA";"#NULO";12;"APTO";2;"DEFERIDO";-3;"#NE";-3;"#NE";-3;"#NE";"PARTIDO ISOLADO";20;"PSC";"Partido Social Cristăo";-1;"#NULO#";"#NULO#";"#NULO#";130001683888;"PARTIDO ISOLADO";"PSC";"N";0;"Válido";0;5;"SUPLENTE"
"07/03/2026";"03:30:52";2022;2;"Eleiçăo Ordinária";1;546;"ELEIÇŐES GERAIS ESTADUAIS 2022";"02/10/2022";"E";"MG";"MG";"MINAS GERAIS";45438;"FUNILÂNDIA";264;7;"Deputado Estadual";130001671847;20903;"ALEXSANDRO LUACES SENNA";"ALEXSANDRO SENNA";"#NULO";12;"APTO";2;"DEFERIDO";-3;"#NE";-3;"#NE";-3;"#NE";"PARTIDO ISOLADO";20;"PSC";"Partido Social Cristăo";-1;"#NULO#";"#NULO#";"#NULO#";130001683888;"PARTIDO ISOLADO";"PSC";"N";0;"Válido";0;5;"SUPLENTE"
"07/03/2026";"03:30:52";2022;2;"Eleiçăo Ordinária";1;546;"ELEIÇŐES GERAIS ESTADUAIS 2022";"02/10/2022";"E";"MG";"MG";"MINAS GERAIS";40347;"LAGOA GRANDE";230;7;"Deputado Estadual";130001671869;20170;"SPITZBERG GUIMARAES DE CARVALHO";"SPITZ BOLSONARO";"#NULO";12;"APTO";2;"DEFERIDO";-3;"#NE";-3;"#NE";-3;"#NE";"PARTIDO ISOLADO";20;"PSC";"Partido Social Cristăo";-1;"#NULO#";"#NULO#";"#NULO#";130001683888;"PARTIDO ISOLADO";"PSC";"N";0;"Válido";0;5;"SUPLENTE"
"07/03/2026";"03:30:52";2022;2;"Eleiçăo Ordinária";1;546;"ELEIÇŐES GERAIS ESTADUAIS 2022";"02/10/2022";"E";"MG";"MG";"MINAS GERAIS";48550;"MONTE ALEGRE DE MINAS";179;7;"Deputado Estadual";130001671849;20444;"CÉSAR ANTÔNIO PEREIRA";"CÉSAR DE SONÉ";"#NULO";12;"APTO";2;"DEFERIDO";-3;"#NE";-3;"#NE";-3;"#NE";"PARTIDO ISOLADO";20;"PSC";"Partido Social Cristăo";-1;"#NULO#";"#NULO#";"#NULO#";130001683888;"PARTIDO ISOLADO";"PSC";"N";0;"Válido";0;5;"SUPLENTE"
"07/03/2026";"03:30:52";2022;2;"Eleiçăo Ordinária";1;546;"ELEIÇŐES GERAIS ESTADUAIS 2022";"02/10/2022";"E";"MG";"MG";"MINAS GERAIS";49719;"PEÇANHA";212;7;"Deputado Estadual";130001671879;20111;"BRUNO LUÍS GARCIA DE CARVALHO";"BRUNO DENTISTA";"#NULO";12;"APTO";2;"DEFERIDO";-3;"#NE";-3;"#NE";-3;"#NE";"PARTIDO ISOLADO";20;"PSC";"Partido Social Cristăo";-1;"#NULO#";"#NULO#";"#NULO#";130001683888;"PARTIDO ISOLADO";"PSC";"N";1;"Válido";1;5;"SUPLENTE"
"07/03/2026";"03:30:52";2022;2;"Eleiçăo Ordinária";1;546;"ELEIÇŐES GERAIS ESTADUAIS 2022";"02/10/2022";"E";"MG";"MG";"MINAS GERAIS";40924;"JOSENÓPOLIS";120;7;"Deputado Estadual";130001671848;20000;"CÉLIO DA ASSUNÇĂO FROIS";"DR. CÉLIO FROIS";"#NULO";12;"APTO";2;"DEFERIDO";-3;"#NE";-3;"#NE";-3;"#NE";"PARTIDO ISOLADO";20;"PSC";"Partido Social Cristăo";-1;"#NULO#";"#NULO#";"#NULO#";130001683888;"PARTIDO ISOLADO";"PSC";"N";1;"Válido";1;5;"SUPLENTE"
"07/03/2026";"03:30:52";2022;2;"Eleiçăo Ordinária";1;546;"ELEIÇŐES GERAIS ESTADUAIS 2022";"02/10/2022";"E";"MG";"MG";"MINAS GERAIS";40207;"FERVEDOURO";69;7;"Deputado Estadual";130001671876;20567;"MARIA DE FATIMA SILVA";"DRA. FÁTIMA";"#NULO";12;"APTO";2;"DEFERIDO";-3;"#NE";-3;"#NE";-3;"#NE";"PARTIDO ISOLADO";20;"PSC";"Partido Social Cristăo";-1;"#NULO#";"#NULO#";"#NULO#";130001683888;"PARTIDO ISOLADO";"PSC";"N";0;"Válido";0;5;"SUPLENTE"
"07/03/2026";"03:30:52";2022;2;"Eleiçăo Ordinária";1;546;"ELEIÇŐES GERAIS ESTADUAIS 2022";"02/10/2022";"E";"MG";"MG";"MINAS GERAIS";47392;"LADAINHA";270;7;"Deputado Estadual";130001671879;20111;"BRUNO LUÍS GARCIA DE CARVALHO";"BRUNO DENTISTA";"#NULO";12;"APTO";2;"DEFERIDO";-3;"#NE";-3;"#NE";-3;"#NE";"PARTIDO ISOLADO";20;"PSC";"Partido Social Cristăo";-1;"#NULO#";"#NULO#";"#NULO#";130001683888;"PARTIDO ISOLADO";"PSC";"N";0;"Válido";0;5;"SUPLENTE"
"07/03/2026";"03:30:52";2022;2;"Eleiçăo Ordinária";1;546;"ELEIÇŐES GERAIS ESTADUAIS 2022";"02/10/2022";"E";"MG";"MG";"MINAS GERAIS";47074;"JECEABA";338;7;"Deputado Estadual";130001671848;20000;"CÉLIO DA ASSUNÇĂO FROIS";"DR. CÉLIO FROIS";"#NULO";12;"APTO";2;"DEFERIDO";-3;"#NE";-3;"#NE";-3;"#NE";"PARTIDO ISOLADO";20;"PSC";"Partido Social Cristăo";-1;"#NULO#";"#NULO#";"#NULO#";130001683888;"PARTIDO ISOLADO";"PSC";"N";0;"Válido";0;5;"SUPLENTE"
"07/03/2026";"03:30:52";2022;2;"Eleiçăo Ordinária";1;546;"ELEIÇŐES GERAIS ESTADUAIS 2022";"02/10/2022";"E";"MG";"MG";"MINAS GERAIS";54275;"VIÇOSA";282;6;"Deputado Federal";130001596011;5110;"BRUNO DOMINGUES DOS SANTOS";"BISPO BRUNO SANTOS";"#NULO";12;"APTO";2;"DEFERIDO";-3;"#NE";-3;"#NE";-3;"#NE";"PARTIDO ISOLADO";51;"PATRIOTA";"Patriota";-1;"#NULO#";"#NULO#";"#NULO#";130001680879;"PARTIDO ISOLADO";"PATRIOTA";"N";210;"Válido";210;5;"SUPLENTE"
"07/03/2026";"03:30:52";2022;2;"Eleiçăo Ordinária";1;546;"ELEIÇŐES GERAIS ESTADUAIS 2022";"02/10/2022";"E";"MG";"MG";"MINAS GERAIS";54275;"VIÇOSA";282;6;"Deputado Federal";130001596027;5195;"SÉRGIO CIRINO FERREIRA";"SERJĂO";"#NULO";12;"APTO";2;"DEFERIDO";-3;"#NE";-3;"#NE";-3;"#NE";"PARTIDO ISOLADO";51;"PATRIOTA";"Patriota";-1;"#NULO#";"#NULO#";"#NULO#";130001680879;"PARTIDO ISOLADO";"PATRIOTA";"N";0;"Válido";0;5;"SUPLENTE"
"07/03/2026";"03:30:52";2022;2;"Eleiçăo Ordinária";1;546;"ELEIÇŐES GERAIS ESTADUAIS 2022";"02/10/2022";"E";"MG";"MG";"MINAS GERAIS";54275;"VIÇOSA";282;6;"Deputado Federal";130001725489;5165;"CINTIA APARECIDA DE SOUZA MOREIRA";"CINTIA VIEIRA";"#NULO";12;"APTO";2;"DEFERIDO";-3;"#NE";-3;"#NE";-3;"#NE";"PARTIDO ISOLADO";51;"PATRIOTA";"Patriota";-1;"#NULO#";"#NULO#";"#NULO#";130001680879;"PARTIDO ISOLADO";"PATRIOTA";"N";0;"Válido";0;5;"SUPLENTE"
"07/03/2026";"03:30:52";2022;2;"Eleiçăo Ordinária";1;546;"ELEIÇŐES GERAIS ESTADUAIS 2022";"02/10/2022";"E";"MG";"MG";"MINAS GERAIS";54275;"VIÇOSA";282;6;"Deputado Federal";130001595977;5135;"ADAIR JOSÉ DA SILVA";"ADAIR MOTORISTA PROJETO AJUDAR";"#NULO";12;"APTO";2;"DEFERIDO";-3;"#NE";-3;"#NE";-3;"#NE";"PARTIDO ISOLADO";51;"PATRIOTA";"Patriota";-1;"#NULO#";"#NULO#";"#NULO#";130001680879;"PARTIDO ISOLADO";"PATRIOTA";"N";0;"Válido";0;5;"SUPLENTE"
"07/03/2026";"03:30:52";2022;2;"Eleiçăo Ordinária";1;546;"ELEIÇŐES GERAIS ESTADUAIS 2022";"02/10/2022";"E";"MG";"MG";"MINAS GERAIS";54275;"VIÇOSA";282;6;"Deputado Federal";130001725446;5188;"KENIO CASSIO TEIXEIRA PEREIRA";"DR. KĘNIO";"#NULO";12;"APTO";2;"DEFERIDO";-3;"#NE";-3;"#NE";-3;"#NE";"PARTIDO ISOLADO";51;"PATRIOTA";"Patriota";-1;"#NULO#";"#NULO#";"#NULO#";130001680879;"PARTIDO ISOLADO";"PATRIOTA";"N";2;"Válido";2;5;"SUPLENTE"
"07/03/2026";"03:30:52";2022;2;"Eleiçăo Ordinária";1;546;"ELEIÇŐES GERAIS ESTADUAIS 2022";"02/10/2022";"E";"MG";"MG";"MINAS GERAIS";54275;"VIÇOSA";282;6;"Deputado Federal";130001596013;5104;"LUAN FELIPE RAMOS GONÇALVES";"LUAN FELIPE  QRA LUANZIM";"#NULO";12;"APTO";2;"DEFERIDO";-3;"#NE";-3;"#NE";-3;"#NE";"PARTIDO ISOLADO";51;"PATRIOTA";"Patriota";-1;"#NULO#";"#NULO#";"#NULO#";130001680879;"PARTIDO ISOLADO";"PATRIOTA";"N";0;"Válido";0;5;"SUPLENTE"
"07/03/2026";"03:30:52";2022;2;"Eleiçăo Ordinária";1;546;"ELEIÇŐES GERAIS ESTADUAIS 2022";"02/10/2022";"E";"MG";"MG";"MINAS GERAIS";54275;"VIÇOSA";282;6;"Deputado Federal";130001595976;5130;"GLEISER LUCIO BORONI SOARES";"GLEISER BORONI";"#NULO";12;"APTO";2;"DEFERIDO";-3;"#NE";-3;"#NE";-3;"#NE";"PARTIDO ISOLADO";51;"PATRIOTA";"Patriota";-1;"#NULO#";"#NULO#";"#NULO#";130001680879;"PARTIDO ISOLADO";"PATRIOTA";"N";107;"Válido";107;5;"SUPLENTE"
"07/03/2026";"03:30:52";2022;2;"Eleiçăo Ordinária";1;546;"ELEIÇŐES GERAIS ESTADUAIS 2022";"02/10/2022";"E";"MG";"MG";"MINAS GERAIS";54275;"VIÇOSA";282;6;"Deputado Federal";130001596006;5160;"JOĂO VICTOR RIBEIRO FERNANDES";"JOĂO VICTOR RIBEIRO FERNANDES";"#NULO";12;"APTO";2;"DEFERIDO";-3;"#NE";-3;"#NE";-3;"#NE";"PARTIDO ISOLADO";51;"PATRIOTA";"Patriota";-1;"#NULO#";"#NULO#";"#NULO#";130001680879;"PARTIDO ISOLADO";"PATRIOTA";"N";0;"Válido";0;5;"SUPLENTE"
"07/03/2026";"03:30:52";2022;2;"Eleiçăo Ordinária";1;546;"ELEIÇŐES GERAIS ESTADUAIS 2022";"02/10/2022";"E";"MG";"MG";"MINAS GERAIS";54275;"VIÇOSA";282;6;"Deputado Federal";130001596022;5153;"PEDRO IVO BUENO DA SILVA";"PEDRO BUENO";"#NULO";12;"APTO";2;"DEFERIDO";-3;"#NE";-3;"#NE";-3;"#NE";"PARTIDO ISOLADO";51;"PATRIOTA";"Patriota";-1;"#NULO#";"#NULO#";"#NULO#";130001680879;"PARTIDO ISOLADO";"PATRIOTA";"N";2;"Válido";2;5;"SUPLENTE"
"07/03/2026";"03:30:52";2022;2;"Eleiçăo Ordinária";1;546;"ELEIÇŐES GERAIS ESTADUAIS 2022";"02/10/2022";"E";"MG";"MG";"MINAS GERAIS";54275;"VIÇOSA";282;6;"Deputado Federal";130001595994;5192;"EDUARDA FERREIRA LIMA";"DUDA LIMA";"#NULO";12;"APTO";2;"DEFERIDO";-3;"#NE";-3;"#NE";-3;"#NE";"PARTIDO ISOLADO";51;"PATRIOTA";"Patriota";-1;"#NULO#";"#NULO#";"#NULO#";130001680879;"PARTIDO ISOLADO";"PATRIOTA";"N";2;"Válido";2;5;"SUPLENTE"
"07/03/2026";"03:30:52";2022;2;"Eleiçăo Ordinária";1;546;"ELEIÇŐES GERAIS ESTADUAIS 2022";"02/10/2022";"E";"MG";"MG";"MINAS GERAIS";54275;"VIÇOSA";282;6;"Deputado Federal";130001733839;5124;"ELANE CRISTINA ALVES";"LICA DO BARREIRO";"#NULO";12;"APTO";2;"DEFERIDO";-3;"#NE";-3;"#NE";-3;"#NE";"PARTIDO ISOLADO";51;"PATRIOTA";"Patriota";-1;"#NULO#";"#NULO#";"#NULO#";130001680879;"PARTIDO ISOLADO";"PATRIOTA";"N";1;"Válido";1;5;"SUPLENTE"
"07/03/2026";"03:30:52";2022;2;"Eleiçăo Ordinária";1;546;"ELEIÇŐES GERAIS ESTADUAIS 2022";"02/10/2022";"E";"MG";"MG";"MINAS GERAIS";54275;"VIÇOSA";282;6;"Deputado Federal";130001595978;5112;"ANTONIO CARLOS CALDEIRA RAMOS";"TUNICO CALDEIRA";"#NULO";12;"APTO";2;"DEFERIDO";-3;"#NE";-3;"#NE";-3;"#NE";"PARTIDO ISOLADO";51;"PATRIOTA";"Patriota";-1;"#NULO#";"#NULO#";"#NULO#";130001680879;"PARTIDO ISOLADO";"PATRIOTA";"N";1;"Válido";1;5;"SUPLENTE"
"07/03/2026";"03:30:52";2022;2;"Eleiçăo Ordinária";1;546;"ELEIÇŐES GERAIS ESTADUAIS 2022";"02/10/2022";"E";"MG";"MG";"MINAS GERAIS";54275;"VIÇOSA";282;6;"Deputado Federal";130001595988;5113;"MARCIA REGINA BRAGA DO CARMO";"MARCIA BRAGA";"#NULO";12;"APTO";2;"DEFERIDO";-3;"#NE";-3;"#NE";-3;"#NE";"PARTIDO ISOLADO";51;"PATRIOTA";"Patriota";-1;"#NULO#";"#NULO#";"#NULO#";130001680879;"PARTIDO ISOLADO";"PATRIOTA";"N";3;"Válido";3;5;"SUPLENTE"
"07/03/2026";"03:30:52";2022;2;"Eleiçăo Ordinária";1;546;"ELEIÇŐES GERAIS ESTADUAIS 2022";"02/10/2022";"E";"MG";"MG";"MINAS GERAIS";54275;"VIÇOSA";282;6;"Deputado Federal";130001596005;5177;"ISAIAS SILVESTRE";"ISAIAS SILVESTRE";"#NULO";12;"APTO";2;"DEFERIDO";-3;"#NE";-3;"#NE";-3;"#NE";"PARTIDO ISOLADO";51;"PATRIOTA";"Patriota";-1;"#NULO#";"#NULO#";"#NULO#";130001680879;"PARTIDO ISOLADO";"PATRIOTA";"N";0;"Válido";0;5;"SUPLENTE"
"07/03/2026";"03:30:52";2022;2;"Eleiçăo Ordinária";1;546;"ELEIÇŐES GERAIS ESTADUAIS 2022";"02/10/2022";"E";"MG";"MG";"MINAS GERAIS";54275;"VIÇOSA";282;6;"Deputado Federal";130001595989;5108;"ROSELY MARIA DE CARVALHO";"ROSE CARVALHO";"#NULO";12;"APTO";2;"DEFERIDO";-3;"#NE";-3;"#NE";-3;"#NE";"PARTIDO ISOLADO";51;"PATRIOTA";"Patriota";-1;"#NULO#";"#NULO#";"#NULO#";130001680879;"PARTIDO ISOLADO";"PATRIOTA";"N";0;"Válido";0;5;"SUPLENTE"
"07/03/2026";"03:30:52";2022;2;"Eleiçăo Ordinária";1;546;"ELEIÇŐES GERAIS ESTADUAIS 2022";"02/10/2022";"E";"MG";"MG";"MINAS GERAIS";54275;"VIÇOSA";282;6;"Deputado Federal";130001596014;5161;"NELIO CEZAR NOGUEIRA";"NÉLIO NOGUEIRA";"#NULO";12;"APTO";2;"DEFERIDO";-3;"#NE";-3;"#NE";-3;"#NE";"PARTIDO ISOLADO";51;"PATRIOTA";"Patriota";-1;"#NULO#";"#NULO#";"#NULO#";130001680879;"PARTIDO ISOLADO";"PATRIOTA";"N";0;"Válido";0;5;"SUPLENTE"
"07/03/2026";"03:30:52";2022;2;"Eleiçăo Ordinária";1;546;"ELEIÇŐES GERAIS ESTADUAIS 2022";"02/10/2022";"E";"MG";"MG";"MINAS GERAIS";54275;"VIÇOSA";282;6;"Deputado Federal";130001595991;5105;"ROSANA MARIA VIOL FARIA";"ROSANA VIOL";"#NULO";12;"APTO";2;"DEFERIDO";-3;"#NE";-3;"#NE";-3;"#NE";"PARTIDO ISOLADO";51;"PATRIOTA";"Patriota";-1;"#NULO#";"#NULO#";"#NULO#";130001680879;"PARTIDO ISOLADO";"PATRIOTA";"N";5;"Válido";5;5;"SUPLENTE"
"07/03/2026";"03:30:52";2022;2;"Eleiçăo Ordinária";1;546;"ELEIÇŐES GERAIS ESTADUAIS 2022";"02/10/2022";"E";"MG";"MG";"MINAS GERAIS";54275;"VIÇOSA";282;6;"Deputado Federal";130001596023;5167;"REGINALDO ROSA DOS SANTOS";"REGINALDO DA HORTA";"#NULO";12;"APTO";2;"DEFERIDO";-3;"#NE";-3;"#NE";-3;"#NE";"PARTIDO ISOLADO";51;"PATRIOTA";"Patriota";-1;"#NULO#";"#NULO#";"#NULO#";130001680879;"PARTIDO ISOLADO";"PATRIOTA";"N";0;"Válido";0;5;"SUPLENTE"
"07/03/2026";"03:30:52";2022;2;"Eleiçăo Ordinária";1;546;"ELEIÇŐES GERAIS ESTADUAIS 2022";"02/10/2022";"E";"MG";"MG";"MINAS GERAIS";54275;"VIÇOSA";282;6;"Deputado Federal";130001595984;5199;"CRISTINA GARVIL";"CRISTINA GARVIL";"#NULO";12;"APTO";2;"DEFERIDO";-3;"#NE";-3;"#NE";-3;"#NE";"PARTIDO ISOLADO";51;"PATRIOTA";"Patriota";-1;"#NULO#";"#NULO#";"#NULO#";130001680879;"PARTIDO ISOLADO";"PATRIOTA";"N";0;"Válido";0;5;"SUPLENTE"
"07/03/2026";"03:30:52";2022;2;"Eleiçăo Ordinária";1;546;"ELEIÇŐES GERAIS ESTADUAIS 2022";"02/10/2022";"E";"GO";"GO";"GOIÁS";95893;"SANTA TEREZINHA DE GOIÁS";85;7;"Deputado Estadual";90001653182;15600;"CHARLES BENTO EVANGELISTA";"CHARLES BENTO";"#NULO";12;"APTO";2;"DEFERIDO";-3;"#NE";-3;"#NE";-3;"#NE";"PARTIDO ISOLADO";15;"MDB";"Movimento Democrático Brasileiro";-1;"#NULO#";"#NULO#";"#NULO#";90001683417;"PARTIDO ISOLADO";"MDB";"N";44;"Válido";44;2;"ELEITO POR QP"
"07/03/2026";"03:30:52";2022;2;"Eleiçăo Ordinária";1;546;"ELEIÇŐES GERAIS ESTADUAIS 2022";"02/10/2022";"E";"GO";"GO";"GOIÁS";96776;"SANTO ANTÔNIO DO DESCOBERTO";24;7;"Deputado Estadual";90001653191;15100;"AMILTON BATISTA DE FARIA FILHO";"AMILTON FILHO";"#NULO";12;"APTO";2;"DEFERIDO";-3;"#NE";-3;"#NE";-3;"#NE";"PARTIDO ISOLADO";15;"MDB";"Movimento Democrático Brasileiro";-1;"#NULO#";"#NULO#";"#NULO#";90001683417;"PARTIDO ISOLADO";"MDB";"N";2;"Válido";2;2;"ELEITO POR QP"
"07/03/2026";"03:30:52";2022;2;"Eleiçăo Ordinária";1;546;"ELEIÇŐES GERAIS ESTADUAIS 2022";"02/10/2022";"E";"GO";"GO";"GOIÁS";95753;"SANCLERLÂNDIA";34;7;"Deputado Estadual";90001653197;15900;"ISSY QUINAN JUNIOR";"ISSY QUINAN";"#NULO";12;"APTO";2;"DEFERIDO";-3;"#NE";-3;"#NE";-3;"#NE";"PARTIDO ISOLADO";15;"MDB";"Movimento Democrático Brasileiro";-1;"#NULO#";"#NULO#";"#NULO#";90001683417;"PARTIDO ISOLADO";"MDB";"N";6;"Válido";6;2;"ELEITO POR QP"
"07/03/2026";"03:30:52";2022;2;"Eleiçăo Ordinária";1;546;"ELEIÇŐES GERAIS ESTADUAIS 2022";"02/10/2022";"E";"RS";"RS";"RIO GRANDE DO SUL";86797;"GIRUÁ";127;6;"Deputado Federal";210001620059;4511;"LUCAS BELLO REDECKER";"LUCAS REDECKER";"#NULO";12;"APTO";2;"DEFERIDO";-3;"#NE";-3;"#NE";-3;"#NE";"FEDERAÇĂO";45;"PSDB";"Partido da Social Democracia Brasileira";1;"Federaçăo PSDB Cidadania";"PSDB/CIDADANIA";"CIDADANIA / PSDB";210001682205;"FEDERAÇĂO";"Federaçăo PSDB Cidadania(PSDB/CIDADANIA)";"N";147;"Válido";147;2;"ELEITO POR QP"
"07/03/2026";"03:30:52";2022;2;"Eleiçăo Ordinária";1;546;"ELEIÇŐES GERAIS ESTADUAIS 2022";"02/10/2022";"E";"GO";"GO";"GOIÁS";94196;"ITAPURANGA";77;7;"Deputado Estadual";90001653191;15100;"AMILTON BATISTA DE FARIA FILHO";"AMILTON FILHO";"#NULO";12;"APTO";2;"DEFERIDO";-3;"#NE";-3;"#NE";-3;"#NE";"PARTIDO ISOLADO";15;"MDB";"Movimento Democrático Brasileiro";-1;"#NULO#";"#NULO#";"#NULO#";90001683417;"PARTIDO ISOLADO";"MDB";"N";27;"Válido";27;2;"ELEITO POR QP"
"07/03/2026";"03:30:52";2022;2;"Eleiçăo Ordinária";1;546;"ELEIÇŐES GERAIS ESTADUAIS 2022";"02/10/2022";"E";"GO";"GO";"GOIÁS";93017;"CATALĂO";8;7;"Deputado Estadual";90001653197;15900;"ISSY QUINAN JUNIOR";"ISSY QUINAN";"#NULO";12;"APTO";2;"DEFERIDO";-3;"#NE";-3;"#NE";-3;"#NE";"PARTIDO ISOLADO";15;"MDB";"Movimento Democrático Brasileiro";-1;"#NULO#";"#NULO#";"#NULO#";90001683417;"PARTIDO ISOLADO";"MDB";"N";20;"Válido";20;2;"ELEITO POR QP"
"07/03/2026";"03:30:52";2022;2;"Eleiçăo Ordinária";1;546;"ELEIÇŐES GERAIS ESTADUAIS 2022";"02/10/2022";"E";"RS";"RS";"RIO GRANDE DO SUL";86894;"GUARANI DAS MISSŐES";96;6;"Deputado Federal";210001620059;4511;"LUCAS BELLO REDECKER";"LUCAS REDECKER";"#NULO";12;"APTO";2;"DEFERIDO";-3;"#NE";-3;"#NE";-3;"#NE";"FEDERAÇĂO";45;"PSDB";"Partido da Social Democracia Brasileira";1;"Federaçăo PSDB Cidadania";"PSDB/CIDADANIA";"CIDADANIA / PSDB";210001682205;"FEDERAÇĂO";"Federaçăo PSDB Cidadania(PSDB/CIDADANIA)";"N";8;"Válido";8;2;"ELEITO POR QP"
"07/03/2026";"03:30:52";2022;2;"Eleiçăo Ordinária";1;546;"ELEIÇŐES GERAIS ESTADUAIS 2022";"02/10/2022";"E";"GO";"GO";"GOIÁS";94374;"JOVIÂNIA";45;7;"Deputado Estadual";90001653165;15123;"LUCAS MARTINS DO VALE";"LUCAS DO VALE";"#NULO";12;"APTO";2;"DEFERIDO";-3;"#NE";-3;"#NE";-3;"#NE";"PARTIDO ISOLADO";15;"MDB";"Movimento Democrático Brasileiro";-1;"#NULO#";"#NULO#";"#NULO#";90001683417;"PARTIDO ISOLADO";"MDB";"N";192;"Válido";192;2;"ELEITO POR QP"
"07/03/2026";"03:30:52";2022;2;"Eleiçăo Ordinária";1;546;"ELEIÇŐES GERAIS ESTADUAIS 2022";"02/10/2022";"E";"GO";"GO";"GOIÁS";95818;"SANTA HELENA DE GOIÁS";66;7;"Deputado Estadual";90001653165;15123;"LUCAS MARTINS DO VALE";"LUCAS DO VALE";"#NULO";12;"APTO";2;"DEFERIDO";-3;"#NE";-3;"#NE";-3;"#NE";"PARTIDO ISOLADO";15;"MDB";"Movimento Democrático Brasileiro";-1;"#NULO#";"#NULO#";"#NULO#";90001683417;"PARTIDO ISOLADO";"MDB";"N";569;"Válido";569;2;"ELEITO POR QP"
"07/03/2026";"03:30:52";2022;2;"Eleiçăo Ordinária";1;546;"ELEIÇŐES GERAIS ESTADUAIS 2022";"02/10/2022";"E";"GO";"GO";"GOIÁS";93157;"CÓRREGO DO OURO";34;7;"Deputado Estadual";90001653165;15123;"LUCAS MARTINS DO VALE";"LUCAS DO VALE";"#NULO";12;"APTO";2;"DEFERIDO";-3;"#NE";-3;"#NE";-3;"#NE";"PARTIDO ISOLADO";15;"MDB";"Movimento Democrático Brasileiro";-1;"#NULO#";"#NULO#";"#NULO#";90001683417;"PARTIDO ISOLADO";"MDB";"N";0;"Válido";0;2;"ELEITO POR QP"
"07/03/2026";"03:30:52";2022;2;"Eleiçăo Ordinária";1;546;"ELEIÇŐES GERAIS ESTADUAIS 2022";"02/10/2022";"E";"GO";"GO";"GOIÁS";92550;"AVELINÓPOLIS";57;7;"Deputado Estadual";90001653166;15333;"LUCAS PINHEIRO BRANDĂO CALIL";"LUCAS CALIL";"#NULO";12;"APTO";2;"DEFERIDO";-3;"#NE";-3;"#NE";-3;"#NE";"PARTIDO ISOLADO";15;"MDB";"Movimento Democrático Brasileiro";-1;"#NULO#";"#NULO#";"#NULO#";90001683417;"PARTIDO ISOLADO";"MDB";"N";15;"Válido";15;2;"ELEITO POR QP"
"07/03/2026";"03:30:52";2022;2;"Eleiçăo Ordinária";1;546;"ELEIÇŐES GERAIS ESTADUAIS 2022";"02/10/2022";"E";"GO";"GO";"GOIÁS";94374;"JOVIÂNIA";45;7;"Deputado Estadual";90001653197;15900;"ISSY QUINAN JUNIOR";"ISSY QUINAN";"#NULO";12;"APTO";2;"DEFERIDO";-3;"#NE";-3;"#NE";-3;"#NE";"PARTIDO ISOLADO";15;"MDB";"Movimento Democrático Brasileiro";-1;"#NULO#";"#NULO#";"#NULO#";90001683417;"PARTIDO ISOLADO";"MDB";"N";3;"Válido";3;2;"ELEITO POR QP"
"07/03/2026";"03:30:52";2022;2;"Eleiçăo Ordinária";1;546;"ELEIÇŐES GERAIS ESTADUAIS 2022";"02/10/2022";"E";"GO";"GO";"GOIÁS";96474;"MINAÇU";130;7;"Deputado Estadual";90001653166;15333;"LUCAS PINHEIRO BRANDĂO CALIL";"LUCAS CALIL";"#NULO";12;"APTO";2;"DEFERIDO";-3;"#NE";-3;"#NE";-3;"#NE";"PARTIDO ISOLADO";15;"MDB";"Movimento Democrático Brasileiro";-1;"#NULO#";"#NULO#";"#NULO#";90001683417;"PARTIDO ISOLADO";"MDB";"N";936;"Válido";936;2;"ELEITO POR QP"
"07/03/2026";"03:30:52";2022;2;"Eleiçăo Ordinária";1;546;"ELEIÇŐES GERAIS ESTADUAIS 2022";"02/10/2022";"E";"GO";"GO";"GOIÁS";93297;"CRIXÁS";85;7;"Deputado Estadual";90001653166;15333;"LUCAS PINHEIRO BRANDĂO CALIL";"LUCAS CALIL";"#NULO";12;"APTO";2;"DEFERIDO";-3;"#NE";-3;"#NE";-3;"#NE";"PARTIDO ISOLADO";15;"MDB";"Movimento Democrático Brasileiro";-1;"#NULO#";"#NULO#";"#NULO#";90001683417;"PARTIDO ISOLADO";"MDB";"N";31;"Válido";31;2;"ELEITO POR QP"
"07/03/2026";"03:30:52";2022;2;"Eleiçăo Ordinária";1;546;"ELEIÇŐES GERAIS ESTADUAIS 2022";"02/10/2022";"E";"GO";"GO";"GOIÁS";93971;"IPAMERI";14;7;"Deputado Estadual";90001653182;15600;"CHARLES BENTO EVANGELISTA";"CHARLES BENTO";"#NULO";12;"APTO";2;"DEFERIDO";-3;"#NE";-3;"#NE";-3;"#NE";"PARTIDO ISOLADO";15;"MDB";"Movimento Democrático Brasileiro";-1;"#NULO#";"#NULO#";"#NULO#";90001683417;"PARTIDO ISOLADO";"MDB";"N";2;"Válido";2;2;"ELEITO POR QP"
"07/03/2026";"03:30:52";2022;2;"Eleiçăo Ordinária";1;546;"ELEIÇŐES GERAIS ESTADUAIS 2022";"02/10/2022";"E";"GO";"GO";"GOIÁS";96776;"SANTO ANTÔNIO DO DESCOBERTO";24;7;"Deputado Estadual";90001653166;15333;"LUCAS PINHEIRO BRANDĂO CALIL";"LUCAS CALIL";"#NULO";12;"APTO";2;"DEFERIDO";-3;"#NE";-3;"#NE";-3;"#NE";"PARTIDO ISOLADO";15;"MDB";"Movimento Democrático Brasileiro";-1;"#NULO#";"#NULO#";"#NULO#";90001683417;"PARTIDO ISOLADO";"MDB";"N";59;"Válido";59;2;"ELEITO POR QP"
"07/03/2026";"03:30:52";2022;2;"Eleiçăo Ordinária";1;546;"ELEIÇŐES GERAIS ESTADUAIS 2022";"02/10/2022";"E";"MG";"MG";"MINAS GERAIS";51497;"SANTA EFIGĘNIA DE MINAS";283;7;"Deputado Estadual";130001596299;51051;"PAULO VALDIR FERREIRA";"DR. PAULO";"#NULO";12;"APTO";2;"DEFERIDO";-3;"#NE";-3;"#NE";-3;"#NE";"PARTIDO ISOLADO";51;"PATRIOTA";"Patriota";-1;"#NULO#";"#NULO#";"#NULO#";130001680887;"PARTIDO ISOLADO";"PATRIOTA";"N";0;"Válido";0;2;"ELEITO POR QP"
"07/03/2026";"03:30:52";2022;2;"Eleiçăo Ordinária";1;546;"ELEIÇŐES GERAIS ESTADUAIS 2022";"02/10/2022";"E";"RS";"RS";"RIO GRANDE DO SUL";86657;"FORMIGUEIRO";157;6;"Deputado Federal";210001620059;4511;"LUCAS BELLO REDECKER";"LUCAS REDECKER";"#NULO";12;"APTO";2;"DEFERIDO";-3;"#NE";-3;"#NE";-3;"#NE";"FEDERAÇĂO";45;"PSDB";"Partido da Social Democracia Brasileira";1;"Federaçăo PSDB Cidadania";"PSDB/CIDADANIA";"CIDADANIA / PSDB";210001682205;"FEDERAÇĂO";"Federaçăo PSDB Cidadania(PSDB/CIDADANIA)";"N";3;"Válido";3;2;"ELEITO POR QP"
"07/03/2026";"03:30:52";2022;2;"Eleiçăo Ordinária";1;546;"ELEIÇŐES GERAIS ESTADUAIS 2022";"02/10/2022";"E";"GO";"GO";"GOIÁS";94277;"IVOLÂNDIA";80;7;"Deputado Estadual";90001653182;15600;"CHARLES BENTO EVANGELISTA";"CHARLES BENTO";"#NULO";12;"APTO";2;"DEFERIDO";-3;"#NE";-3;"#NE";-3;"#NE";"PARTIDO ISOLADO";15;"MDB";"Movimento Democrático Brasileiro";-1;"#NULO#";"#NULO#";"#NULO#";90001683417;"PARTIDO ISOLADO";"MDB";"N";3;"Válido";3;2;"ELEITO POR QP"
"07/03/2026";"03:30:52";2022;2;"Eleiçăo Ordinária";1;546;"ELEIÇŐES GERAIS ESTADUAIS 2022";"02/10/2022";"E";"MG";"MG";"MINAS GERAIS";53198;"SENHORA DE OLIVEIRA";217;7;"Deputado Estadual";130001596299;51051;"PAULO VALDIR FERREIRA";"DR. PAULO";"#NULO";12;"APTO";2;"DEFERIDO";-3;"#NE";-3;"#NE";-3;"#NE";"PARTIDO ISOLADO";51;"PATRIOTA";"Patriota";-1;"#NULO#";"#NULO#";"#NULO#";130001680887;"PARTIDO ISOLADO";"PATRIOTA";"N";0;"Válido";0;2;"ELEITO POR QP"
"07/03/2026";"03:30:52";2022;2;"Eleiçăo Ordinária";1;546;"ELEIÇŐES GERAIS ESTADUAIS 2022";"02/10/2022";"E";"RS";"RS";"RIO GRANDE DO SUL";85774;"CAMPO BOM";105;6;"Deputado Federal";210001620059;4511;"LUCAS BELLO REDECKER";"LUCAS REDECKER";"#NULO";12;"APTO";2;"DEFERIDO";-3;"#NE";-3;"#NE";-3;"#NE";"FEDERAÇĂO";45;"PSDB";"Partido da Social Democracia Brasileira";1;"Federaçăo PSDB Cidadania";"PSDB/CIDADANIA";"CIDADANIA / PSDB";210001682205;"FEDERAÇĂO";"Federaçăo PSDB Cidadania(PSDB/CIDADANIA)";"N";1376;"Válido";1376;2;"ELEITO POR QP"
"07/03/2026";"03:30:52";2022;2;"Eleiçăo Ordinária";1;546;"ELEIÇŐES GERAIS ESTADUAIS 2022";"02/10/2022";"E";"GO";"GO";"GOIÁS";93297;"CRIXÁS";85;7;"Deputado Estadual";90001653191;15100;"AMILTON BATISTA DE FARIA FILHO";"AMILTON FILHO";"#NULO";12;"APTO";2;"DEFERIDO";-3;"#NE";-3;"#NE";-3;"#NE";"PARTIDO ISOLADO";15;"MDB";"Movimento Democrático Brasileiro";-1;"#NULO#";"#NULO#";"#NULO#";90001683417;"PARTIDO ISOLADO";"MDB";"N";53;"Válido";53;2;"ELEITO POR QP"
"07/03/2026";"03:30:52";2022;2;"Eleiçăo Ordinária";1;546;"ELEIÇŐES GERAIS ESTADUAIS 2022";"02/10/2022";"E";"GO";"GO";"GOIÁS";93220;"TEREZÓPOLIS DE GOIÁS";3;7;"Deputado Estadual";90001653197;15900;"ISSY QUINAN JUNIOR";"ISSY QUINAN";"#NULO";12;"APTO";2;"DEFERIDO";-3;"#NE";-3;"#NE";-3;"#NE";"PARTIDO ISOLADO";15;"MDB";"Movimento Democrático Brasileiro";-1;"#NULO#";"#NULO#";"#NULO#";90001683417;"PARTIDO ISOLADO";"MDB";"N";12;"Válido";12;2;"ELEITO POR QP"
"07/03/2026";"03:30:52";2022;2;"Eleiçăo Ordinária";1;546;"ELEIÇŐES GERAIS ESTADUAIS 2022";"02/10/2022";"E";"MG";"MG";"MINAS GERAIS";51772;"SANTANA DO MANHUAÇU";167;7;"Deputado Estadual";130001596299;51051;"PAULO VALDIR FERREIRA";"DR. PAULO";"#NULO";12;"APTO";2;"DEFERIDO";-3;"#NE";-3;"#NE";-3;"#NE";"PARTIDO ISOLADO";51;"PATRIOTA";"Patriota";-1;"#NULO#";"#NULO#";"#NULO#";130001680887;"PARTIDO ISOLADO";"PATRIOTA";"N";0;"Válido";0;2;"ELEITO POR QP"
"07/03/2026";"03:30:52";2022;2;"Eleiçăo Ordinária";1;546;"ELEIÇŐES GERAIS ESTADUAIS 2022";"02/10/2022";"E";"MG";"MG";"MINAS GERAIS";53015;"SĂO TOMÁS DE AQUINO";260;7;"Deputado Estadual";130001596299;51051;"PAULO VALDIR FERREIRA";"DR. PAULO";"#NULO";12;"APTO";2;"DEFERIDO";-3;"#NE";-3;"#NE";-3;"#NE";"PARTIDO ISOLADO";51;"PATRIOTA";"Patriota";-1;"#NULO#";"#NULO#";"#NULO#";130001680887;"PARTIDO ISOLADO";"PATRIOTA";"N";0;"Válido";0;2;"ELEITO POR QP"
"07/03/2026";"03:30:52";2022;2;"Eleiçăo Ordinária";1;546;"ELEIÇŐES GERAIS ESTADUAIS 2022";"02/10/2022";"E";"GO";"GO";"GOIÁS";93157;"CÓRREGO DO OURO";34;7;"Deputado Estadual";90001653182;15600;"CHARLES BENTO EVANGELISTA";"CHARLES BENTO";"#NULO";12;"APTO";2;"DEFERIDO";-3;"#NE";-3;"#NE";-3;"#NE";"PARTIDO ISOLADO";15;"MDB";"Movimento Democrático Brasileiro";-1;"#NULO#";"#NULO#";"#NULO#";90001683417;"PARTIDO ISOLADO";"MDB";"N";307;"Válido";307;2;"ELEITO POR QP"
"07/03/2026";"03:30:52";2022;2;"Eleiçăo Ordinária";1;546;"ELEIÇŐES GERAIS ESTADUAIS 2022";"02/10/2022";"E";"GO";"GO";"GOIÁS";95753;"SANCLERLÂNDIA";34;7;"Deputado Estadual";90001653182;15600;"CHARLES BENTO EVANGELISTA";"CHARLES BENTO";"#NULO";12;"APTO";2;"DEFERIDO";-3;"#NE";-3;"#NE";-3;"#NE";"PARTIDO ISOLADO";15;"MDB";"Movimento Democrático Brasileiro";-1;"#NULO#";"#NULO#";"#NULO#";90001683417;"PARTIDO ISOLADO";"MDB";"N";564;"Válido";564;2;"ELEITO POR QP"
"07/03/2026";"03:30:52";2022;2;"Eleiçăo Ordinária";1;546;"ELEIÇŐES GERAIS ESTADUAIS 2022";"02/10/2022";"E";"RS";"RS";"RIO GRANDE DO SUL";84930;"FAGUNDES VARELA";88;6;"Deputado Federal";210001620059;4511;"LUCAS BELLO REDECKER";"LUCAS REDECKER";"#NULO";12;"APTO";2;"DEFERIDO";-3;"#NE";-3;"#NE";-3;"#NE";"FEDERAÇĂO";45;"PSDB";"Partido da Social Democracia Brasileira";1;"Federaçăo PSDB Cidadania";"PSDB/CIDADANIA";"CIDADANIA / PSDB";210001682205;"FEDERAÇĂO";"Federaçăo PSDB Cidadania(PSDB/CIDADANIA)";"N";0;"Válido";0;2;"ELEITO POR QP"
"07/03/2026";"03:30:52";2022;2;"Eleiçăo Ordinária";1;546;"ELEIÇŐES GERAIS ESTADUAIS 2022";"02/10/2022";"E";"RS";"RS";"RIO GRANDE DO SUL";86479;"ESPUMOSO";4;6;"Deputado Federal";210001620059;4511;"LUCAS BELLO REDECKER";"LUCAS REDECKER";"#NULO";12;"APTO";2;"DEFERIDO";-3;"#NE";-3;"#NE";-3;"#NE";"FEDERAÇĂO";45;"PSDB";"Partido da Social Democracia Brasileira";1;"Federaçăo PSDB Cidadania";"PSDB/CIDADANIA";"CIDADANIA / PSDB";210001682205;"FEDERAÇĂO";"Federaçăo PSDB Cidadania(PSDB/CIDADANIA)";"N";12;"Válido";12;2;"ELEITO POR QP"
"07/03/2026";"03:30:52";2022;2;"Eleiçăo Ordinária";1;546;"ELEIÇŐES GERAIS ESTADUAIS 2022";"02/10/2022";"E";"GO";"GO";"GOIÁS";94714;"MONTES CLAROS DE GOIÁS";79;7;"Deputado Estadual";90001653165;15123;"LUCAS MARTINS DO VALE";"LUCAS DO VALE";"#NULO";12;"APTO";2;"DEFERIDO";-3;"#NE";-3;"#NE";-3;"#NE";"PARTIDO ISOLADO";15;"MDB";"Movimento Democrático Brasileiro";-1;"#NULO#";"#NULO#";"#NULO#";90001683417;"PARTIDO ISOLADO";"MDB";"N";185;"Válido";185;2;"ELEITO POR QP"
"07/03/2026";"03:30:52";2022;2;"Eleiçăo Ordinária";1;546;"ELEIÇŐES GERAIS ESTADUAIS 2022";"02/10/2022";"E";"GO";"GO";"GOIÁS";94714;"MONTES CLAROS DE GOIÁS";79;7;"Deputado Estadual";90001653166;15333;"LUCAS PINHEIRO BRANDĂO CALIL";"LUCAS CALIL";"#NULO";12;"APTO";2;"DEFERIDO";-3;"#NE";-3;"#NE";-3;"#NE";"PARTIDO ISOLADO";15;"MDB";"Movimento Democrático Brasileiro";-1;"#NULO#";"#NULO#";"#NULO#";90001683417;"PARTIDO ISOLADO";"MDB";"N";420;"Válido";420;2;"ELEITO POR QP"
"07/03/2026";"03:30:52";2022;2;"Eleiçăo Ordinária";1;546;"ELEIÇŐES GERAIS ESTADUAIS 2022";"02/10/2022";"E";"GO";"GO";"GOIÁS";95753;"SANCLERLÂNDIA";34;7;"Deputado Estadual";90001653166;15333;"LUCAS PINHEIRO BRANDĂO CALIL";"LUCAS CALIL";"#NULO";12;"APTO";2;"DEFERIDO";-3;"#NE";-3;"#NE";-3;"#NE";"PARTIDO ISOLADO";15;"MDB";"Movimento Democrático Brasileiro";-1;"#NULO#";"#NULO#";"#NULO#";90001683417;"PARTIDO ISOLADO";"MDB";"N";22;"Válido";22;2;"ELEITO POR QP"
"07/03/2026";"03:30:52";2022;2;"Eleiçăo Ordinária";1;546;"ELEIÇŐES GERAIS ESTADUAIS 2022";"02/10/2022";"E";"MG";"MG";"MINAS GERAIS";52434;"SĂO JOĂO BATISTA DO GLÓRIA";10;7;"Deputado Estadual";130001596308;51300;"DOORGAL GUSTAVO SAD LAFAYETTE DE ANDRADA";"DOORGAL ANDRADA";"#NULO";12;"APTO";2;"DEFERIDO";-3;"#NE";-3;"#NE";-3;"#NE";"PARTIDO ISOLADO";51;"PATRIOTA";"Patriota";-1;"#NULO#";"#NULO#";"#NULO#";130001680887;"PARTIDO ISOLADO";"PATRIOTA";"N";0;"Válido";0;2;"ELEITO POR QP"
"07/03/2026";"03:30:52";2022;2;"Eleiçăo Ordinária";1;546;"ELEIÇŐES GERAIS ESTADUAIS 2022";"02/10/2022";"E";"RS";"RS";"RIO GRANDE DO SUL";86541;"CENTENÁRIO";3;6;"Deputado Federal";210001620059;4511;"LUCAS BELLO REDECKER";"LUCAS REDECKER";"#NULO";12;"APTO";2;"DEFERIDO";-3;"#NE";-3;"#NE";-3;"#NE";"FEDERAÇĂO";45;"PSDB";"Partido da Social Democracia Brasileira";1;"Federaçăo PSDB Cidadania";"PSDB/CIDADANIA";"CIDADANIA / PSDB";210001682205;"FEDERAÇĂO";"Federaçăo PSDB Cidadania(PSDB/CIDADANIA)";"N";0;"Válido";0;2;"ELEITO POR QP"
"07/03/2026";"03:30:52";2022;2;"Eleiçăo Ordinária";1;546;"ELEIÇŐES GERAIS ESTADUAIS 2022";"02/10/2022";"E";"RS";"RS";"RIO GRANDE DO SUL";86118;"CONDOR";115;6;"Deputado Federal";210001620059;4511;"LUCAS BELLO REDECKER";"LUCAS REDECKER";"#NULO";12;"APTO";2;"DEFERIDO";-3;"#NE";-3;"#NE";-3;"#NE";"FEDERAÇĂO";45;"PSDB";"Partido da Social Democracia Brasileira";1;"Federaçăo PSDB Cidadania";"PSDB/CIDADANIA";"CIDADANIA / PSDB";210001682205;"FEDERAÇĂO";"Federaçăo PSDB Cidadania(PSDB/CIDADANIA)";"N";3;"Válido";3;2;"ELEITO POR QP"
"07/03/2026";"03:30:52";2022;2;"Eleiçăo Ordinária";1;546;"ELEIÇŐES GERAIS ESTADUAIS 2022";"02/10/2022";"E";"GO";"GO";"GOIÁS";96237;"TRĘS RANCHOS";8;7;"Deputado Estadual";90001653166;15333;"LUCAS PINHEIRO BRANDĂO CALIL";"LUCAS CALIL";"#NULO";12;"APTO";2;"DEFERIDO";-3;"#NE";-3;"#NE";-3;"#NE";"PARTIDO ISOLADO";15;"MDB";"Movimento Democrático Brasileiro";-1;"#NULO#";"#NULO#";"#NULO#";90001683417;"PARTIDO ISOLADO";"MDB";"N";7;"Válido";7;2;"ELEITO POR QP"
"07/03/2026";"03:30:52";2022;2;"Eleiçăo Ordinária";1;546;"ELEIÇŐES GERAIS ESTADUAIS 2022";"02/10/2022";"E";"SP";"SP";"SĂO PAULO";69795;"RIO CLARO";288;6;"Deputado Federal";250001610688;1353;"NILTO IGNÁCIO TATTO";"NILTO TATTO";"#NULO";12;"APTO";2;"DEFERIDO";-3;"#NE";-3;"#NE";-3;"#NE";"FEDERAÇĂO";13;"PT";"Partido dos Trabalhadores";2;"Federaçăo Brasil da Esperança - FE BRASIL";"PT/PC do B/PV";"PC do B / PT / PV";250001681527;"FEDERAÇĂO";"Federaçăo Brasil da Esperança - FE BRASIL(PT/PC do B/PV)";"N";121;"Válido";121;2;"ELEITO POR QP"
"07/03/2026";"03:30:52";2022;2;"Eleiçăo Ordinária";1;546;"ELEIÇŐES GERAIS ESTADUAIS 2022";"02/10/2022";"E";"SP";"SP";"SĂO PAULO";69795;"RIO CLARO";288;6;"Deputado Federal";250001610654;1380;"JILMAR AUGUSTINHO TATTO";"JILMAR TATTO";"#NULO";12;"APTO";2;"DEFERIDO";-3;"#NE";-3;"#NE";-3;"#NE";"FEDERAÇĂO";13;"PT";"Partido dos Trabalhadores";2;"Federaçăo Brasil da Esperança - FE BRASIL";"PT/PC do B/PV";"PC do B / PT / PV";250001681527;"FEDERAÇĂO";"Federaçăo Brasil da Esperança - FE BRASIL(PT/PC do B/PV)";"N";43;"Válido";43;2;"ELEITO POR QP"
"07/03/2026";"03:30:52";2022;2;"Eleiçăo Ordinária";1;546;"ELEIÇŐES GERAIS ESTADUAIS 2022";"02/10/2022";"E";"SP";"SP";"SĂO PAULO";69795;"RIO CLARO";110;6;"Deputado Federal";250001610688;1353;"NILTO IGNÁCIO TATTO";"NILTO TATTO";"#NULO";12;"APTO";2;"DEFERIDO";-3;"#NE";-3;"#NE";-3;"#NE";"FEDERAÇĂO";13;"PT";"Partido dos Trabalhadores";2;"Federaçăo Brasil da Esperança - FE BRASIL";"PT/PC do B/PV";"PC do B / PT / PV";250001681527;"FEDERAÇĂO";"Federaçăo Brasil da Esperança - FE BRASIL(PT/PC do B/PV)";"N";53;"Válido";53;2;"ELEITO POR QP"
"07/03/2026";"03:30:52";2022;2;"Eleiçăo Ordinária";1;546;"ELEIÇŐES GERAIS ESTADUAIS 2022";"02/10/2022";"E";"SP";"SP";"SĂO PAULO";62294;"BIRIGUI";25;7;"Deputado Estadual";250001619401;50005;"GUILHERME DA COSTA AGUIAR CORTEZ";"GUILHERME CORTEZ";"#NULO";12;"APTO";2;"DEFERIDO";-3;"#NE";-3;"#NE";-3;"#NE";"FEDERAÇĂO";50;"PSOL";"Partido Socialismo e Liberdade";3;"Federaçăo PSOL REDE";"PSOL/REDE";"PSOL / REDE";250001682175;"FEDERAÇĂO";"Federaçăo PSOL REDE(PSOL/REDE)";"N";94;"Válido";94;2;"ELEITO POR QP"
"07/03/2026";"03:30:52";2022;2;"Eleiçăo Ordinária";1;546;"ELEIÇŐES GERAIS ESTADUAIS 2022";"02/10/2022";"E";"SP";"SP";"SĂO PAULO";69795;"RIO CLARO";288;6;"Deputado Federal";250001610705;1301;"FRANCISCO DANIEL CELEGUIM DE MORAIS";"KIKO CELEGUIM";"#NULO";12;"APTO";2;"DEFERIDO";-3;"#NE";-3;"#NE";-3;"#NE";"FEDERAÇĂO";13;"PT";"Partido dos Trabalhadores";2;"Federaçăo Brasil da Esperança - FE BRASIL";"PT/PC do B/PV";"PC do B / PT / PV";250001681527;"FEDERAÇĂO";"Federaçăo Brasil da Esperança - FE BRASIL(PT/PC do B/PV)";"N";32;"Válido";32;2;"ELEITO POR QP"
"07/03/2026";"03:30:52";2022;2;"Eleiçăo Ordinária";1;546;"ELEIÇŐES GERAIS ESTADUAIS 2022";"02/10/2022";"E";"SP";"SP";"SĂO PAULO";68233;"PARDINHO";26;7;"Deputado Estadual";250001619401;50005;"GUILHERME DA COSTA AGUIAR CORTEZ";"GUILHERME CORTEZ";"#NULO";12;"APTO";2;"DEFERIDO";-3;"#NE";-3;"#NE";-3;"#NE";"FEDERAÇĂO";50;"PSOL";"Partido Socialismo e Liberdade";3;"Federaçăo PSOL REDE";"PSOL/REDE";"PSOL / REDE";250001682175;"FEDERAÇĂO";"Federaçăo PSOL REDE(PSOL/REDE)";"N";3;"Válido";3;2;"ELEITO POR QP"
"07/03/2026";"03:30:52";2022;2;"Eleiçăo Ordinária";1;546;"ELEIÇŐES GERAIS ESTADUAIS 2022";"02/10/2022";"E";"SP";"SP";"SĂO PAULO";71854;"TEJUPÁ";94;6;"Deputado Federal";250001620296;4000;"JONAS DONIZETTE FERREIRA";"JONAS DONIZETTE";"#NULO";12;"APTO";2;"DEFERIDO";-3;"#NE";-3;"#NE";-3;"#NE";"PARTIDO ISOLADO";40;"PSB";"Partido Socialista Brasileiro";-1;"#NULO#";"#NULO#";"#NULO#";250001682213;"PARTIDO ISOLADO";"PSB";"N";1;"Válido";1;2;"ELEITO POR QP"
"07/03/2026";"03:30:52";2022;2;"Eleiçăo Ordinária";1;546;"ELEIÇŐES GERAIS ESTADUAIS 2022";"02/10/2022";"E";"SP";"SP";"SĂO PAULO";69795;"RIO CLARO";288;6;"Deputado Federal";250001610674;1370;"CARLOS ALBERTO ROLIM ZARATTINI";"CARLOS ZARATTINI";"#NULO";12;"APTO";2;"DEFERIDO";-3;"#NE";-3;"#NE";-3;"#NE";"FEDERAÇĂO";13;"PT";"Partido dos Trabalhadores";2;"Federaçăo Brasil da Esperança - FE BRASIL";"PT/PC do B/PV";"PC do B / PT / PV";250001681527;"FEDERAÇĂO";"Federaçăo Brasil da Esperança - FE BRASIL(PT/PC do B/PV)";"N";137;"Válido";137;2;"ELEITO POR QP"
"07/03/2026";"03:30:52";2022;2;"Eleiçăo Ordinária";1;546;"ELEIÇŐES GERAIS ESTADUAIS 2022";"02/10/2022";"E";"SP";"SP";"SĂO PAULO";69795;"RIO CLARO";288;6;"Deputado Federal";250001610712;1322;"ARLINDO CHIGNALIA JUNIOR";"ARLINDO CHINAGLIA";"#NULO";12;"APTO";2;"DEFERIDO";-3;"#NE";-3;"#NE";-3;"#NE";"FEDERAÇĂO";13;"PT";"Partido dos Trabalhadores";2;"Federaçăo Brasil da Esperança - FE BRASIL";"PT/PC do B/PV";"PC do B / PT / PV";250001681527;"FEDERAÇĂO";"Federaçăo Brasil da Esperança - FE BRASIL(PT/PC do B/PV)";"N";959;"Válido";959;2;"ELEITO POR QP"
"07/03/2026";"03:30:52";2022;2;"Eleiçăo Ordinária";1;546;"ELEIÇŐES GERAIS ESTADUAIS 2022";"02/10/2022";"E";"SP";"SP";"SĂO PAULO";69795;"RIO CLARO";288;6;"Deputado Federal";250001610678;1355;"LUIZ MARINHO";"LUIZ MARINHO";"#NULO";12;"APTO";2;"DEFERIDO";-3;"#NE";-3;"#NE";-3;"#NE";"FEDERAÇĂO";13;"PT";"Partido dos Trabalhadores";2;"Federaçăo Brasil da Esperança - FE BRASIL";"PT/PC do B/PV";"PC do B / PT / PV";250001681527;"FEDERAÇĂO";"Federaçăo Brasil da Esperança - FE BRASIL(PT/PC do B/PV)";"N";255;"Válido";255;2;"ELEITO POR QP"
"07/03/2026";"03:30:52";2022;2;"Eleiçăo Ordinária";1;546;"ELEIÇŐES GERAIS ESTADUAIS 2022";"02/10/2022";"E";"SP";"SP";"SĂO PAULO";69795;"RIO CLARO";110;6;"Deputado Federal";250001610712;1322;"ARLINDO CHIGNALIA JUNIOR";"ARLINDO CHINAGLIA";"#NULO";12;"APTO";2;"DEFERIDO";-3;"#NE";-3;"#NE";-3;"#NE";"FEDERAÇĂO";13;"PT";"Partido dos Trabalhadores";2;"Federaçăo Brasil da Esperança - FE BRASIL";"PT/PC do B/PV";"PC do B / PT / PV";250001681527;"FEDERAÇĂO";"Federaçăo Brasil da Esperança - FE BRASIL(PT/PC do B/PV)";"N";796;"Válido";796;2;"ELEITO POR QP"
"07/03/2026";"03:30:52";2022;2;"Eleiçăo Ordinária";1;546;"ELEIÇŐES GERAIS ESTADUAIS 2022";"02/10/2022";"E";"SP";"SP";"SĂO PAULO";68233;"PARDINHO";26;7;"Deputado Estadual";250001619320;50789;"CARLOS ALBERTO GIANNASI";"CARLOS GIANNAZI";"#NULO";12;"APTO";2;"DEFERIDO";-3;"#NE";-3;"#NE";-3;"#NE";"FEDERAÇĂO";50;"PSOL";"Partido Socialismo e Liberdade";3;"Federaçăo PSOL REDE";"PSOL/REDE";"PSOL / REDE";250001682175;"FEDERAÇĂO";"Federaçăo PSOL REDE(PSOL/REDE)";"N";25;"Válido";25;2;"ELEITO POR QP"
"07/03/2026";"03:30:52";2022;2;"Eleiçăo Ordinária";1;546;"ELEIÇŐES GERAIS ESTADUAIS 2022";"02/10/2022";"E";"SP";"SP";"SĂO PAULO";69795;"RIO CLARO";110;6;"Deputado Federal";250001610705;1301;"FRANCISCO DANIEL CELEGUIM DE MORAIS";"KIKO CELEGUIM";"#NULO";12;"APTO";2;"DEFERIDO";-3;"#NE";-3;"#NE";-3;"#NE";"FEDERAÇĂO";13;"PT";"Partido dos Trabalhadores";2;"Federaçăo Brasil da Esperança - FE BRASIL";"PT/PC do B/PV";"PC do B / PT / PV";250001681527;"FEDERAÇĂO";"Federaçăo Brasil da Esperança - FE BRASIL(PT/PC do B/PV)";"N";32;"Válido";32;2;"ELEITO POR QP"
"07/03/2026";"03:30:52";2022;2;"Eleiçăo Ordinária";1;546;"ELEIÇŐES GERAIS ESTADUAIS 2022";"02/10/2022";"E";"SP";"SP";"SĂO PAULO";69795;"RIO CLARO";110;6;"Deputado Federal";250001610672;1313;"RUI GOETHE DA COSTA FALCĂO";"RUI FALCĂO";"#NULO";12;"APTO";2;"DEFERIDO";-3;"#NE";-3;"#NE";-3;"#NE";"FEDERAÇĂO";13;"PT";"Partido dos Trabalhadores";2;"Federaçăo Brasil da Esperança - FE BRASIL";"PT/PC do B/PV";"PC do B / PT / PV";250001681527;"FEDERAÇĂO";"Federaçăo Brasil da Esperança - FE BRASIL(PT/PC do B/PV)";"N";140;"Válido";140;2;"ELEITO POR QP"
"07/03/2026";"03:30:52";2022;2;"Eleiçăo Ordinária";1;546;"ELEIÇŐES GERAIS ESTADUAIS 2022";"02/10/2022";"E";"SP";"SP";"SĂO PAULO";68233;"PARDINHO";26;7;"Deputado Estadual";250001619328;50000;"PAULA NUNES DOS SANTOS";"PAULA DA BANCADA FEMINISTA";"#NULO";12;"APTO";2;"DEFERIDO";-3;"#NE";-3;"#NE";-3;"#NE";"FEDERAÇĂO";50;"PSOL";"Partido Socialismo e Liberdade";3;"Federaçăo PSOL REDE";"PSOL/REDE";"PSOL / REDE";250001682175;"FEDERAÇĂO";"Federaçăo PSOL REDE(PSOL/REDE)";"N";16;"Válido";16;2;"ELEITO POR QP"
"07/03/2026";"03:30:52";2022;2;"Eleiçăo Ordinária";1;546;"ELEIÇŐES GERAIS ESTADUAIS 2022";"02/10/2022";"E";"SP";"SP";"SĂO PAULO";69795;"RIO CLARO";288;6;"Deputado Federal";250001610710;1354;"ALEXANDRE ROCHA SANTOS PADILHA";"ALEXANDRE PADILHA";"#NULO";12;"APTO";2;"DEFERIDO";-3;"#NE";-3;"#NE";-3;"#NE";"FEDERAÇĂO";13;"PT";"Partido dos Trabalhadores";2;"Federaçăo Brasil da Esperança - FE BRASIL";"PT/PC do B/PV";"PC do B / PT / PV";250001681527;"FEDERAÇĂO";"Federaçăo Brasil da Esperança - FE BRASIL(PT/PC do B/PV)";"N";250;"Válido";250;2;"ELEITO POR QP"
"07/03/2026";"03:30:52";2022;2;"Eleiçăo Ordinária";1;546;"ELEIÇŐES GERAIS ESTADUAIS 2022";"02/10/2022";"E";"SP";"SP";"SĂO PAULO";70351;"SANTA GERTRUDES";243;6;"Deputado Federal";250001610712;1322;"ARLINDO CHIGNALIA JUNIOR";"ARLINDO CHINAGLIA";"#NULO";12;"APTO";2;"DEFERIDO";-3;"#NE";-3;"#NE";-3;"#NE";"FEDERAÇĂO";13;"PT";"Partido dos Trabalhadores";2;"Federaçăo Brasil da Esperança - FE BRASIL";"PT/PC do B/PV";"PC do B / PT / PV";250001681527;"FEDERAÇĂO";"Federaçăo Brasil da Esperança - FE BRASIL(PT/PC do B/PV)";"N";221;"Válido";221;2;"ELEITO POR QP"
"07/03/2026";"03:30:52";2022;2;"Eleiçăo Ordinária";1;546;"ELEIÇŐES GERAIS ESTADUAIS 2022";"02/10/2022";"E";"SP";"SP";"SĂO PAULO";70351;"SANTA GERTRUDES";243;6;"Deputado Federal";250001610710;1354;"ALEXANDRE ROCHA SANTOS PADILHA";"ALEXANDRE PADILHA";"#NULO";12;"APTO";2;"DEFERIDO";-3;"#NE";-3;"#NE";-3;"#NE";"FEDERAÇĂO";13;"PT";"Partido dos Trabalhadores";2;"Federaçăo Brasil da Esperança - FE BRASIL";"PT/PC do B/PV";"PC do B / PT / PV";250001681527;"FEDERAÇĂO";"Federaçăo Brasil da Esperança - FE BRASIL(PT/PC do B/PV)";"N";155;"Válido";155;2;"ELEITO POR QP"
"07/03/2026";"03:30:52";2022;2;"Eleiçăo Ordinária";1;546;"ELEIÇŐES GERAIS ESTADUAIS 2022";"02/10/2022";"E";"SP";"SP";"SĂO PAULO";70351;"SANTA GERTRUDES";243;6;"Deputado Federal";250001610663;1358;"ALENCAR SANTANA BRAGA";"ALENCAR SANTANA";"#NULO";12;"APTO";2;"DEFERIDO";-3;"#NE";-3;"#NE";-3;"#NE";"FEDERAÇĂO";13;"PT";"Partido dos Trabalhadores";2;"Federaçăo Brasil da Esperança - FE BRASIL";"PT/PC do B/PV";"PC do B / PT / PV";250001681527;"FEDERAÇĂO";"Federaçăo Brasil da Esperança - FE BRASIL(PT/PC do B/PV)";"N";4;"Válido";4;2;"ELEITO POR QP"
"07/03/2026";"03:30:52";2022;2;"Eleiçăo Ordinária";1;546;"ELEIÇŐES GERAIS ESTADUAIS 2022";"02/10/2022";"E";"SP";"SP";"SĂO PAULO";70351;"SANTA GERTRUDES";243;6;"Deputado Federal";250001610674;1370;"CARLOS ALBERTO ROLIM ZARATTINI";"CARLOS ZARATTINI";"#NULO";12;"APTO";2;"DEFERIDO";-3;"#NE";-3;"#NE";-3;"#NE";"FEDERAÇĂO";13;"PT";"Partido dos Trabalhadores";2;"Federaçăo Brasil da Esperança - FE BRASIL";"PT/PC do B/PV";"PC do B / PT / PV";250001681527;"FEDERAÇĂO";"Federaçăo Brasil da Esperança - FE BRASIL(PT/PC do B/PV)";"N";2;"Válido";2;2;"ELEITO POR QP"
"07/03/2026";"03:30:52";2022;2;"Eleiçăo Ordinária";1;546;"ELEIÇŐES GERAIS ESTADUAIS 2022";"02/10/2022";"E";"SP";"SP";"SĂO PAULO";68233;"PARDINHO";26;7;"Deputado Estadual";250001619350;50110;"EDIANE MARIA DO NASCIMENTO";"EDIANE MARIA";"#NULO";12;"APTO";2;"DEFERIDO";-3;"#NE";-3;"#NE";-3;"#NE";"FEDERAÇĂO";50;"PSOL";"Partido Socialismo e Liberdade";3;"Federaçăo PSOL REDE";"PSOL/REDE";"PSOL / REDE";250001682175;"FEDERAÇĂO";"Federaçăo PSOL REDE(PSOL/REDE)";"N";2;"Válido";2;2;"ELEITO POR QP"
"07/03/2026";"03:30:52";2022;2;"Eleiçăo Ordinária";1;546;"ELEIÇŐES GERAIS ESTADUAIS 2022";"02/10/2022";"E";"SP";"SP";"SĂO PAULO";62294;"BIRIGUI";25;7;"Deputado Estadual";250001619379;50900;"MÔNICA CRISTINA SEIXAS BONFIM";"MONICA DO MOVIMENTO PRETAS";"#NULO";12;"APTO";2;"DEFERIDO";-3;"#NE";-3;"#NE";-3;"#NE";"FEDERAÇĂO";50;"PSOL";"Partido Socialismo e Liberdade";3;"Federaçăo PSOL REDE";"PSOL/REDE";"PSOL / REDE";250001682175;"FEDERAÇĂO";"Federaçăo PSOL REDE(PSOL/REDE)";"N";87;"Válido";87;2;"ELEITO POR QP"
"07/03/2026";"03:30:52";2022;2;"Eleiçăo Ordinária";1;546;"ELEIÇŐES GERAIS ESTADUAIS 2022";"02/10/2022";"E";"SP";"SP";"SĂO PAULO";62294;"BIRIGUI";25;7;"Deputado Estadual";250001619328;50000;"PAULA NUNES DOS SANTOS";"PAULA DA BANCADA FEMINISTA";"#NULO";12;"APTO";2;"DEFERIDO";-3;"#NE";-3;"#NE";-3;"#NE";"FEDERAÇĂO";50;"PSOL";"Partido Socialismo e Liberdade";3;"Federaçăo PSOL REDE";"PSOL/REDE";"PSOL / REDE";250001682175;"FEDERAÇĂO";"Federaçăo PSOL REDE(PSOL/REDE)";"N";203;"Válido";203;2;"ELEITO POR QP"
"07/03/2026";"03:30:52";2022;2;"Eleiçăo Ordinária";1;546;"ELEIÇŐES GERAIS ESTADUAIS 2022";"02/10/2022";"E";"SP";"SP";"SĂO PAULO";70351;"SANTA GERTRUDES";243;6;"Deputado Federal";250001610672;1313;"RUI GOETHE DA COSTA FALCĂO";"RUI FALCĂO";"#NULO";12;"APTO";2;"DEFERIDO";-3;"#NE";-3;"#NE";-3;"#NE";"FEDERAÇĂO";13;"PT";"Partido dos Trabalhadores";2;"Federaçăo Brasil da Esperança - FE BRASIL";"PT/PC do B/PV";"PC do B / PT / PV";250001681527;"FEDERAÇĂO";"Federaçăo Brasil da Esperança - FE BRASIL(PT/PC do B/PV)";"N";36;"Válido";36;2;"ELEITO POR QP"
"07/03/2026";"03:30:52";2022;2;"Eleiçăo Ordinária";1;546;"ELEIÇŐES GERAIS ESTADUAIS 2022";"02/10/2022";"E";"SP";"SP";"SĂO PAULO";68233;"PARDINHO";26;7;"Deputado Estadual";250001619379;50900;"MÔNICA CRISTINA SEIXAS BONFIM";"MONICA DO MOVIMENTO PRETAS";"#NULO";12;"APTO";2;"DEFERIDO";-3;"#NE";-3;"#NE";-3;"#NE";"FEDERAÇĂO";50;"PSOL";"Partido Socialismo e Liberdade";3;"Federaçăo PSOL REDE";"PSOL/REDE";"PSOL / REDE";250001682175;"FEDERAÇĂO";"Federaçăo PSOL REDE(PSOL/REDE)";"N";2;"Válido";2;2;"ELEITO POR QP"
"07/03/2026";"03:30:52";2022;2;"Eleiçăo Ordinária";1;546;"ELEIÇŐES GERAIS ESTADUAIS 2022";"02/10/2022";"E";"SP";"SP";"SĂO PAULO";62294;"BIRIGUI";25;7;"Deputado Estadual";250001619350;50110;"EDIANE MARIA DO NASCIMENTO";"EDIANE MARIA";"#NULO";12;"APTO";2;"DEFERIDO";-3;"#NE";-3;"#NE";-3;"#NE";"FEDERAÇĂO";50;"PSOL";"Partido Socialismo e Liberdade";3;"Federaçăo PSOL REDE";"PSOL/REDE";"PSOL / REDE";250001682175;"FEDERAÇĂO";"Federaçăo PSOL REDE(PSOL/REDE)";"N";158;"Válido";158;2;"ELEITO POR QP"
"07/03/2026";"03:30:52";2022;2;"Eleiçăo Ordinária";1;546;"ELEIÇŐES GERAIS ESTADUAIS 2022";"02/10/2022";"E";"SP";"SP";"SĂO PAULO";70351;"SANTA GERTRUDES";243;6;"Deputado Federal";250001610688;1353;"NILTO IGNÁCIO TATTO";"NILTO TATTO";"#NULO";12;"APTO";2;"DEFERIDO";-3;"#NE";-3;"#NE";-3;"#NE";"FEDERAÇĂO";13;"PT";"Partido dos Trabalhadores";2;"Federaçăo Brasil da Esperança - FE BRASIL";"PT/PC do B/PV";"PC do B / PT / PV";250001681527;"FEDERAÇĂO";"Federaçăo Brasil da Esperança - FE BRASIL(PT/PC do B/PV)";"N";13;"Válido";13;2;"ELEITO POR QP"
"07/03/2026";"03:30:52";2022;2;"Eleiçăo Ordinária";1;546;"ELEIÇŐES GERAIS ESTADUAIS 2022";"02/10/2022";"E";"SP";"SP";"SĂO PAULO";70351;"SANTA GERTRUDES";243;6;"Deputado Federal";250001610654;1380;"JILMAR AUGUSTINHO TATTO";"JILMAR TATTO";"#NULO";12;"APTO";2;"DEFERIDO";-3;"#NE";-3;"#NE";-3;"#NE";"FEDERAÇĂO";13;"PT";"Partido dos Trabalhadores";2;"Federaçăo Brasil da Esperança - FE BRASIL";"PT/PC do B/PV";"PC do B / PT / PV";250001681527;"FEDERAÇĂO";"Federaçăo Brasil da Esperança - FE BRASIL(PT/PC do B/PV)";"N";14;"Válido";14;2;"ELEITO POR QP"
"07/03/2026";"03:30:52";2022;2;"Eleiçăo Ordinária";1;546;"ELEIÇŐES GERAIS ESTADUAIS 2022";"02/10/2022";"E";"SP";"SP";"SĂO PAULO";70351;"SANTA GERTRUDES";243;6;"Deputado Federal";250001610705;1301;"FRANCISCO DANIEL CELEGUIM DE MORAIS";"KIKO CELEGUIM";"#NULO";12;"APTO";2;"DEFERIDO";-3;"#NE";-3;"#NE";-3;"#NE";"FEDERAÇĂO";13;"PT";"Partido dos Trabalhadores";2;"Federaçăo Brasil da Esperança - FE BRASIL";"PT/PC do B/PV";"PC do B / PT / PV";250001681527;"FEDERAÇĂO";"Federaçăo Brasil da Esperança - FE BRASIL(PT/PC do B/PV)";"N";0;"Válido";0;2;"ELEITO POR QP"
"07/03/2026";"03:30:52";2022;2;"Eleiçăo Ordinária";1;546;"ELEIÇŐES GERAIS ESTADUAIS 2022";"02/10/2022";"E";"SP";"SP";"SĂO PAULO";70351;"SANTA GERTRUDES";243;6;"Deputado Federal";250001610678;1355;"LUIZ MARINHO";"LUIZ MARINHO";"#NULO";12;"APTO";2;"DEFERIDO";-3;"#NE";-3;"#NE";-3;"#NE";"FEDERAÇĂO";13;"PT";"Partido dos Trabalhadores";2;"Federaçăo Brasil da Esperança - FE BRASIL";"PT/PC do B/PV";"PC do B / PT / PV";250001681527;"FEDERAÇĂO";"Federaçăo Brasil da Esperança - FE BRASIL(PT/PC do B/PV)";"N";110;"Válido";110;2;"ELEITO POR QP"
"07/03/2026";"03:30:52";2022;2;"Eleiçăo Ordinária";1;546;"ELEIÇŐES GERAIS ESTADUAIS 2022";"02/10/2022";"E";"SP";"SP";"SĂO PAULO";70572;"SANTO ANDRÉ";264;6;"Deputado Federal";250001610674;1370;"CARLOS ALBERTO ROLIM ZARATTINI";"CARLOS ZARATTINI";"#NULO";12;"APTO";2;"DEFERIDO";-3;"#NE";-3;"#NE";-3;"#NE";"FEDERAÇĂO";13;"PT";"Partido dos Trabalhadores";2;"Federaçăo Brasil da Esperança - FE BRASIL";"PT/PC do B/PV";"PC do B / PT / PV";250001681527;"FEDERAÇĂO";"Federaçăo Brasil da Esperança - FE BRASIL(PT/PC do B/PV)";"N";48;"Válido";48;2;"ELEITO POR QP"
"07/03/2026";"03:30:52";2022;2;"Eleiçăo Ordinária";1;546;"ELEIÇŐES GERAIS ESTADUAIS 2022";"02/10/2022";"E";"SP";"SP";"SĂO PAULO";61026;"BOREBI";161;7;"Deputado Estadual";250001619350;50110;"EDIANE MARIA DO NASCIMENTO";"EDIANE MARIA";"#NULO";12;"APTO";2;"DEFERIDO";-3;"#NE";-3;"#NE";-3;"#NE";"FEDERAÇĂO";50;"PSOL";"Partido Socialismo e Liberdade";3;"Federaçăo PSOL REDE";"PSOL/REDE";"PSOL / REDE";250001682175;"FEDERAÇĂO";"Federaçăo PSOL REDE(PSOL/REDE)";"N";0;"Válido";0;2;"ELEITO POR QP"
"07/03/2026";"03:30:52";2022;2;"Eleiçăo Ordinária";1;546;"ELEIÇŐES GERAIS ESTADUAIS 2022";"02/10/2022";"E";"RJ";"RJ";"RIO DE JANEIRO";58165;"COMENDADOR LEVY GASPARIAN";40;7;"Deputado Estadual";190001603271;14015;"JONAS VIEIRA BARQUER DE SOUSA";"JB PERICĂO";"#NULO";12;"APTO";2;"DEFERIDO";-3;"#NE";-3;"#NE";-3;"#NE";"PARTIDO ISOLADO";14;"PTB";"Partido Trabalhista Brasileiro";-1;"#NULO#";"#NULO#";"#NULO#";190001681199;"PARTIDO ISOLADO";"PTB";"N";1;"Válido";1;5;"SUPLENTE"
"07/03/2026";"03:30:52";2022;2;"Eleiçăo Ordinária";1;546;"ELEIÇŐES GERAIS ESTADUAIS 2022";"02/10/2022";"E";"RJ";"RJ";"RIO DE JANEIRO";58190;"CAMPOS DOS GOYTACAZES";75;7;"Deputado Estadual";190001603224;14239;"JONAS LICURGO FERREIRA";"JONAS LICURGO";"#NULO";12;"APTO";2;"DEFERIDO";-3;"#NE";-3;"#NE";-3;"#NE";"PARTIDO ISOLADO";14;"PTB";"Partido Trabalhista Brasileiro";-1;"#NULO#";"#NULO#";"#NULO#";190001681199;"PARTIDO ISOLADO";"PTB";"N";1;"Válido";1;5;"SUPLENTE"
"07/03/2026";"03:30:52";2022;2;"Eleiçăo Ordinária";1;546;"ELEIÇŐES GERAIS ESTADUAIS 2022";"02/10/2022";"E";"RJ";"RJ";"RIO DE JANEIRO";58033;"ARARUAMA";92;7;"Deputado Estadual";190001603262;14023;"WASHINGTON MAICON DE CAMARGO NASCIMENTO";"MAICON NASCIMENTO";"#NULO";12;"APTO";2;"DEFERIDO";-3;"#NE";-3;"#NE";-3;"#NE";"PARTIDO ISOLADO";14;"PTB";"Partido Trabalhista Brasileiro";-1;"#NULO#";"#NULO#";"#NULO#";190001681199;"PARTIDO ISOLADO";"PTB";"N";0;"Válido";0;5;"SUPLENTE"
"07/03/2026";"03:30:52";2022;2;"Eleiçăo Ordinária";1;546;"ELEIÇŐES GERAIS ESTADUAIS 2022";"02/10/2022";"E";"RJ";"RJ";"RIO DE JANEIRO";58467;"MESQUITA";83;7;"Deputado Estadual";190001603271;14015;"JONAS VIEIRA BARQUER DE SOUSA";"JB PERICĂO";"#NULO";12;"APTO";2;"DEFERIDO";-3;"#NE";-3;"#NE";-3;"#NE";"PARTIDO ISOLADO";14;"PTB";"Partido Trabalhista Brasileiro";-1;"#NULO#";"#NULO#";"#NULO#";190001681199;"PARTIDO ISOLADO";"PTB";"N";0;"Válido";0;5;"SUPLENTE"
"07/03/2026";"03:30:52";2022;2;"Eleiçăo Ordinária";1;546;"ELEIÇŐES GERAIS ESTADUAIS 2022";"02/10/2022";"E";"RJ";"RJ";"RIO DE JANEIRO";58467;"MESQUITA";83;7;"Deputado Estadual";190001603277;14026;"CRISTINA FELIX DOS SANTOS";"CRIS FELIX";"#NULO";12;"APTO";2;"DEFERIDO";-3;"#NE";-3;"#NE";-3;"#NE";"PARTIDO ISOLADO";14;"PTB";"Partido Trabalhista Brasileiro";-1;"#NULO#";"#NULO#";"#NULO#";190001681199;"PARTIDO ISOLADO";"PTB";"N";2;"Válido";2;5;"SUPLENTE"
"07/03/2026";"03:30:52";2022;2;"Eleiçăo Ordinária";1;546;"ELEIÇŐES GERAIS ESTADUAIS 2022";"02/10/2022";"E";"RJ";"RJ";"RIO DE JANEIRO";58874;"RIO CLARO";108;7;"Deputado Estadual";190001603220;14456;"ELIAS CABRAL DA PONTE MONTES";"ELIAS MONTES";"#NULO";12;"APTO";2;"DEFERIDO";-3;"#NE";-3;"#NE";-3;"#NE";"PARTIDO ISOLADO";14;"PTB";"Partido Trabalhista Brasileiro";-1;"#NULO#";"#NULO#";"#NULO#";190001681199;"PARTIDO ISOLADO";"PTB";"N";0;"Válido";0;5;"SUPLENTE"
"07/03/2026";"03:30:52";2022;2;"Eleiçăo Ordinária";1;546;"ELEIÇŐES GERAIS ESTADUAIS 2022";"02/10/2022";"E";"RJ";"RJ";"RIO DE JANEIRO";58190;"CAMPOS DOS GOYTACAZES";75;7;"Deputado Estadual";190001603221;14422;"FABRICIO JOSE CARLOS DE QUEIROZ";"FABRICIO QUEIROZ";"#NULO";12;"APTO";2;"DEFERIDO";-3;"#NE";-3;"#NE";-3;"#NE";"PARTIDO ISOLADO";14;"PTB";"Partido Trabalhista Brasileiro";-1;"#NULO#";"#NULO#";"#NULO#";190001681199;"PARTIDO ISOLADO";"PTB";"N";71;"Válido";71;5;"SUPLENTE"
"07/03/2026";"03:30:52";2022;2;"Eleiçăo Ordinária";1;546;"ELEIÇŐES GERAIS ESTADUAIS 2022";"02/10/2022";"E";"RJ";"RJ";"RIO DE JANEIRO";58190;"CAMPOS DOS GOYTACAZES";75;7;"Deputado Estadual";190001603240;14190;"RAFAEL SODRE GONÇALVES";"RAFAEL SODRE";"#NULO";12;"APTO";2;"DEFERIDO";-3;"#NE";-3;"#NE";-3;"#NE";"PARTIDO ISOLADO";14;"PTB";"Partido Trabalhista Brasileiro";-1;"#NULO#";"#NULO#";"#NULO#";190001681199;"PARTIDO ISOLADO";"PTB";"N";8;"Válido";8;5;"SUPLENTE"
"07/03/2026";"03:30:52";2022;2;"Eleiçăo Ordinária";1;546;"ELEIÇŐES GERAIS ESTADUAIS 2022";"02/10/2022";"E";"RJ";"RJ";"RIO DE JANEIRO";58190;"CAMPOS DOS GOYTACAZES";129;7;"Deputado Estadual";190001603259;14110;"LIOMAR DE OLIVEIRA MARTINS";"LIOMAR DE OLIVEIRA";"#NULO";12;"APTO";2;"DEFERIDO";-3;"#NE";-3;"#NE";-3;"#NE";"PARTIDO ISOLADO";14;"PTB";"Partido Trabalhista Brasileiro";-1;"#NULO#";"#NULO#";"#NULO#";190001681199;"PARTIDO ISOLADO";"PTB";"N";0;"Válido";0;5;"SUPLENTE"
"07/03/2026";"03:30:52";2022;2;"Eleiçăo Ordinária";1;546;"ELEIÇŐES GERAIS ESTADUAIS 2022";"02/10/2022";"E";"RJ";"RJ";"RIO DE JANEIRO";58190;"CAMPOS DOS GOYTACAZES";76;7;"Deputado Estadual";190001603258;14009;"JEFERSON THIAGO ROSARIO DE SALES";"GABIGOL DA TORCIDA";"#NULO";12;"APTO";2;"DEFERIDO";-3;"#NE";-3;"#NE";-3;"#NE";"PARTIDO ISOLADO";14;"PTB";"Partido Trabalhista Brasileiro";-1;"#NULO#";"#NULO#";"#NULO#";190001681199;"PARTIDO ISOLADO";"PTB";"N";2;"Válido";2;5;"SUPLENTE"
"07/03/2026";"03:30:52";2022;2;"Eleiçăo Ordinária";1;546;"ELEIÇŐES GERAIS ESTADUAIS 2022";"02/10/2022";"E";"RJ";"RJ";"RIO DE JANEIRO";58190;"CAMPOS DOS GOYTACAZES";98;7;"Deputado Estadual";190001603238;14122;"MARCOS ELIAS FREITAS PESSANHA MOREIRA";"MARQUINHO PESSANHA";"#NULO";12;"APTO";2;"DEFERIDO";-3;"#NE";-3;"#NE";-3;"#NE";"PARTIDO ISOLADO";14;"PTB";"Partido Trabalhista Brasileiro";-1;"#NULO#";"#NULO#";"#NULO#";190001681199;"PARTIDO ISOLADO";"PTB";"N";24;"Válido";24;5;"SUPLENTE"
"07/03/2026";"03:30:52";2022;2;"Eleiçăo Ordinária";1;546;"ELEIÇŐES GERAIS ESTADUAIS 2022";"02/10/2022";"E";"RJ";"RJ";"RIO DE JANEIRO";58190;"CAMPOS DOS GOYTACAZES";129;7;"Deputado Estadual";190001603235;14120;"ALANA DE OLIVEIRA PASSOS DE SOUZA";"ALANA PASSOS";"#NULO";12;"APTO";2;"DEFERIDO";-3;"#NE";-3;"#NE";-3;"#NE";"PARTIDO ISOLADO";14;"PTB";"Partido Trabalhista Brasileiro";-1;"#NULO#";"#NULO#";"#NULO#";190001681199;"PARTIDO ISOLADO";"PTB";"N";28;"Válido";28;5;"SUPLENTE"
"07/03/2026";"03:30:52";2022;2;"Eleiçăo Ordinária";1;546;"ELEIÇŐES GERAIS ESTADUAIS 2022";"02/10/2022";"E";"RJ";"RJ";"RIO DE JANEIRO";58190;"CAMPOS DOS GOYTACAZES";98;7;"Deputado Estadual";190001603215;14394;"FLORACI ROSA DE LIMA PINTO";"ÍNDIA GUERREIRA";"#NULO";12;"APTO";2;"DEFERIDO";-3;"#NE";-3;"#NE";-3;"#NE";"PARTIDO ISOLADO";14;"PTB";"Partido Trabalhista Brasileiro";-1;"#NULO#";"#NULO#";"#NULO#";190001681199;"PARTIDO ISOLADO";"PTB";"N";1;"Válido";1;5;"SUPLENTE"
"07/03/2026";"03:30:52";2022;2;"Eleiçăo Ordinária";1;546;"ELEIÇŐES GERAIS ESTADUAIS 2022";"02/10/2022";"E";"RJ";"RJ";"RIO DE JANEIRO";58190;"CAMPOS DOS GOYTACAZES";75;7;"Deputado Estadual";190001603214;14007;"ELISA FÁTIMA DE NOVAES";"ELISA SORRISO";"#NULO";12;"APTO";2;"DEFERIDO";-3;"#NE";-3;"#NE";-3;"#NE";"PARTIDO ISOLADO";14;"PTB";"Partido Trabalhista Brasileiro";-1;"#NULO#";"#NULO#";"#NULO#";190001681199;"PARTIDO ISOLADO";"PTB";"N";0;"Válido";0;5;"SUPLENTE"
"07/03/2026";"03:30:52";2022;2;"Eleiçăo Ordinária";1;546;"ELEIÇŐES GERAIS ESTADUAIS 2022";"02/10/2022";"E";"RJ";"RJ";"RIO DE JANEIRO";58190;"CAMPOS DOS GOYTACAZES";129;7;"Deputado Estadual";190001603279;14081;"MARCELO FERREIRA DE MELO";"MARCELO MELO";"#NULO";12;"APTO";2;"DEFERIDO";-3;"#NE";-3;"#NE";-3;"#NE";"PARTIDO ISOLADO";14;"PTB";"Partido Trabalhista Brasileiro";-1;"#NULO#";"#NULO#";"#NULO#";190001681199;"PARTIDO ISOLADO";"PTB";"N";0;"Válido";0;5;"SUPLENTE"
"07/03/2026";"03:30:52";2022;2;"Eleiçăo Ordinária";1;546;"ELEIÇŐES GERAIS ESTADUAIS 2022";"02/10/2022";"E";"RJ";"RJ";"RIO DE JANEIRO";58190;"CAMPOS DOS GOYTACAZES";129;7;"Deputado Estadual";190001603218;14551;"ADILSON VIEIRA DINIZ";"CAPITĂO ADILSON";"#NULO";12;"APTO";2;"DEFERIDO";-3;"#NE";-3;"#NE";-3;"#NE";"PARTIDO ISOLADO";14;"PTB";"Partido Trabalhista Brasileiro";-1;"#NULO#";"#NULO#";"#NULO#";190001681199;"PARTIDO ISOLADO";"PTB";"N";0;"Válido";0;5;"SUPLENTE"
"07/03/2026";"03:30:52";2022;2;"Eleiçăo Ordinária";1;546;"ELEIÇŐES GERAIS ESTADUAIS 2022";"02/10/2022";"E";"RJ";"RJ";"RIO DE JANEIRO";58190;"CAMPOS DOS GOYTACAZES";76;7;"Deputado Estadual";190001603251;14112;"REJANE REIS DE CASTRO";"REJANE REIS";"#NULO";12;"APTO";2;"DEFERIDO";-3;"#NE";-3;"#NE";-3;"#NE";"PARTIDO ISOLADO";14;"PTB";"Partido Trabalhista Brasileiro";-1;"#NULO#";"#NULO#";"#NULO#";190001681199;"PARTIDO ISOLADO";"PTB";"N";0;"Válido";0;5;"SUPLENTE"
"07/03/2026";"03:30:52";2022;2;"Eleiçăo Ordinária";1;546;"ELEIÇŐES GERAIS ESTADUAIS 2022";"02/10/2022";"E";"RJ";"RJ";"RIO DE JANEIRO";58190;"CAMPOS DOS GOYTACAZES";75;7;"Deputado Estadual";190001603231;14083;"RICARDO DAMIAO MACHADO";"RICARDO DAMIĂO";"#NULO";12;"APTO";2;"DEFERIDO";-3;"#NE";-3;"#NE";-3;"#NE";"PARTIDO ISOLADO";14;"PTB";"Partido Trabalhista Brasileiro";-1;"#NULO#";"#NULO#";"#NULO#";190001681199;"PARTIDO ISOLADO";"PTB";"N";0;"Válido";0;5;"SUPLENTE"
"07/03/2026";"03:30:52";2022;2;"Eleiçăo Ordinária";1;546;"ELEIÇŐES GERAIS ESTADUAIS 2022";"02/10/2022";"E";"MG";"MG";"MINAS GERAIS";44598;"DORES DE CAMPOS";228;6;"Deputado Federal";130001603561;7044;"MICHELLY CAROLINE LUIZ PEREIRA DE SIQUEIRA";"DRA MICHELLY SIQUEIRA";"#NULO";12;"APTO";2;"DEFERIDO";-3;"#NE";-3;"#NE";-3;"#NE";"PARTIDO ISOLADO";70;"AVANTE";"AVANTE";-1;"#NULO#";"#NULO#";"#NULO#";130001681209;"PARTIDO ISOLADO";"AVANTE";"N";0;"Válido";0;5;"SUPLENTE"
"07/03/2026";"03:30:52";2022;2;"Eleiçăo Ordinária";1;546;"ELEIÇŐES GERAIS ESTADUAIS 2022";"02/10/2022";"E";"MG";"MG";"MINAS GERAIS";40410;"ALTO RIO DOCE";11;6;"Deputado Federal";130001603581;7089;"ROBERTO SILVA SOARES";"ROBERTINHO SOARES";"#NULO";12;"APTO";2;"DEFERIDO";-3;"#NE";-3;"#NE";-3;"#NE";"PARTIDO ISOLADO";70;"AVANTE";"AVANTE";-1;"#NULO#";"#NULO#";"#NULO#";130001681209;"PARTIDO ISOLADO";"AVANTE";"N";0;"Válido";0;5;"SUPLENTE"
